#
# There is insufficient memory for the Java Runtime Environment to continue.
# Native memory allocation (mmap) failed to map 255852544 bytes. Error detail: G1 virtual space
# Possible reasons:
#   The system is out of physical RAM or swap space
#   This process is running with CompressedOops enabled, and the Java Heap may be blocking the growth of the native heap
# Possible solutions:
#   Reduce memory load on the system
#   Increase physical memory or swap space
#   Check if swap backing store is full
#   Decrease Java heap size (-Xmx/-Xms)
#   Decrease number of Java threads
#   Decrease Java thread stack sizes (-Xss)
#   Set larger code cache with -XX:ReservedCodeCacheSize=
#   JVM is running with Unscaled Compressed Oops mode in which the Java heap is
#     placed in the first 4GB address space. The Java Heap base address is the
#     maximum limit for the native heap growth. Please use -XX:HeapBaseMinAddress
#     to set the Java Heap base and to place the Java Heap above 4GB virtual address.
# This output file may be truncated or incomplete.
#
#  Out of Memory Error (os_windows.cpp:3686), pid=21072, tid=22584
#
# JRE version: OpenJDK Runtime Environment Temurin-21.0.7+6 (21.0.7+6) (build 21.0.7+6-LTS)
# Java VM: OpenJDK 64-Bit Server VM Temurin-21.0.7+6 (21.0.7+6-LTS, mixed mode, sharing, tiered, compressed oops, compressed class ptrs, g1 gc, windows-amd64)
# No core dump will be written. Minidumps are not enabled by default on client versions of Windows
#

---------------  S U M M A R Y ------------

Command Line: --add-opens=java.base/java.lang=ALL-UNNAMED --add-opens=java.base/java.lang.invoke=ALL-UNNAMED --add-opens=java.base/java.util=ALL-UNNAMED --add-opens=java.prefs/java.util.prefs=ALL-UNNAMED --add-exports=jdk.compiler/com.sun.tools.javac.api=ALL-UNNAMED --add-exports=jdk.compiler/com.sun.tools.javac.util=ALL-UNNAMED --add-opens=java.base/java.util=ALL-UNNAMED --add-opens=java.prefs/java.util.prefs=ALL-UNNAMED --add-opens=java.base/java.nio.charset=ALL-UNNAMED --add-opens=java.base/java.net=ALL-UNNAMED --add-opens=java.base/java.util.concurrent=ALL-UNNAMED --add-opens=java.base/java.util.concurrent.atomic=ALL-UNNAMED --add-opens=java.xml/javax.xml.namespace=ALL-UNNAMED --add-opens=java.base/java.time=ALL-UNNAMED -Xmx2048m -Dfile.encoding=UTF-8 -Duser.country=PE -Duser.language=es -Duser.variant -javaagent:C:\Users\jaira\.gradle\wrapper\dists\gradle-9.3.1-bin\23ovyewtku6u96viwx3xl3oks\gradle-9.3.1\lib\agents\gradle-instrumentation-agent-9.3.1.jar org.gradle.launcher.daemon.bootstrap.GradleDaemon 9.3.1

Host: Intel(R) Core(TM) i3-1005G1 CPU @ 1.20GHz, 4 cores, 3G,  Windows 11 , 64 bit Build 26100 (10.0.26100.1)
Time: Sun Jul 19 01:02:54 2026 Hora est. Pacífico, Sudamérica elapsed time: 3918.073664 seconds (0d 1h 5m 18s)

---------------  T H R E A D  ---------------

Current thread (0x0000022dfdac8b70):  VMThread "VM Thread"          [id=22584, stack(0x000000b654200000,0x000000b654300000) (1024K)]

Stack: [0x000000b654200000,0x000000b654300000]
Native frames: (J=compiled Java code, j=interpreted, Vv=VM code, C=native code)
V  [jvm.dll+0x6ce119]
V  [jvm.dll+0x8a84a1]
V  [jvm.dll+0x8aa9ce]
V  [jvm.dll+0x8ab0b3]
V  [jvm.dll+0x27f8a6]
V  [jvm.dll+0x6ca945]
V  [jvm.dll+0x6bebea]
V  [jvm.dll+0x355eca]
V  [jvm.dll+0x35da96]
V  [jvm.dll+0x3af72e]
V  [jvm.dll+0x3af9d8]
V  [jvm.dll+0x32a05c]
V  [jvm.dll+0x32a0e7]
V  [jvm.dll+0x36deac]
V  [jvm.dll+0x36c6f8]
V  [jvm.dll+0x329821]
V  [jvm.dll+0x36bd6a]
V  [jvm.dll+0x8b0dcf]
V  [jvm.dll+0x8b2154]
V  [jvm.dll+0x8b2690]
V  [jvm.dll+0x8b2933]
V  [jvm.dll+0x851f6b]
V  [jvm.dll+0x6cc7dd]
C  [ucrtbase.dll+0x43340]
C  [KERNEL32.DLL+0x31fd7]
C  [ntdll.dll+0x6d7d0]

VM_Operation (0x000000b657bfa8a0): G1CollectForAllocation, mode: safepoint, requested by thread 0x0000022dde379160


---------------  P R O C E S S  ---------------

Threads class SMR info:
_java_thread_list=0x0000022ddf263820, length=72, elements={
0x0000022df0753860, 0x0000022dfdadec30, 0x0000022dfdadf830, 0x0000022dfdae3df0,
0x0000022dfdae4840, 0x0000022dfdae5720, 0x0000022dfdae6170, 0x0000022dfdaf48a0,
0x0000022dfdaf5610, 0x0000022dfdbf16d0, 0x0000022dfdd60de0, 0x0000022dff478b80,
0x0000022dff5e7680, 0x0000022dff423bd0, 0x0000022dd40c6650, 0x0000022dd40c8090,
0x0000022dd40c52a0, 0x0000022dd5242e40, 0x0000022dd5244880, 0x0000022dd5243b60,
0x0000022dd461fd00, 0x0000022dd4623180, 0x0000022dd4623ea0, 0x0000022dd4473970,
0x0000022dd4475a40, 0x0000022dd6f88010, 0x0000022dfd99f5a0, 0x0000022dfd99fc30,
0x0000022dfd9a3740, 0x0000022dfd9a1670, 0x0000022dfd9a6530, 0x0000022dfd9a5ea0,
0x0000022dfd9a5180, 0x0000022dfd9a7250, 0x0000022dfd9a78e0, 0x0000022dfd9a4460,
0x0000022dfd9aad60, 0x0000022dfd9a99b0, 0x0000022dfd9ab3f0, 0x0000022dfd9aba80,
0x0000022dfd9a8600, 0x0000022dfd9ac110, 0x0000022dfd9a8c90, 0x0000022dfd9a9320,
0x0000022dfd9ac7a0, 0x0000022dfd9ace30, 0x0000022dfd9ae1e0, 0x0000022dfd9ae870,
0x0000022dde375ce0, 0x0000022dde374fc0, 0x0000022dde377720, 0x0000022dde374930,
0x0000022dde376370, 0x0000022dde376a00, 0x0000022dde377db0, 0x0000022dde378440,
0x0000022dde378ad0, 0x0000022dde375650, 0x0000022dde379160, 0x0000022dde37bf50,
0x0000022dde37c5e0, 0x0000022dde37b8c0, 0x0000022dde37b230, 0x0000022dde37d990,
0x0000022dde37a510, 0x0000022dde37e020, 0x0000022dde37aba0, 0x0000022dde380e10,
0x0000022dde3800f0, 0x0000022dde37f3d0, 0x0000022dde3814a0, 0x0000022dde37e6b0
}

Java Threads: ( => current thread )
  0x0000022df0753860 JavaThread "main"                              [_thread_blocked, id=11428, stack(0x000000b653b00000,0x000000b653c00000) (1024K)]
  0x0000022dfdadec30 JavaThread "Reference Handler"          daemon [_thread_blocked, id=21452, stack(0x000000b654300000,0x000000b654400000) (1024K)]
  0x0000022dfdadf830 JavaThread "Finalizer"                  daemon [_thread_blocked, id=20052, stack(0x000000b654400000,0x000000b654500000) (1024K)]
  0x0000022dfdae3df0 JavaThread "Signal Dispatcher"          daemon [_thread_blocked, id=16796, stack(0x000000b654500000,0x000000b654600000) (1024K)]
  0x0000022dfdae4840 JavaThread "Attach Listener"            daemon [_thread_blocked, id=16376, stack(0x000000b654600000,0x000000b654700000) (1024K)]
  0x0000022dfdae5720 JavaThread "Service Thread"             daemon [_thread_blocked, id=7272, stack(0x000000b654700000,0x000000b654800000) (1024K)]
  0x0000022dfdae6170 JavaThread "Monitor Deflation Thread"   daemon [_thread_blocked, id=7040, stack(0x000000b654800000,0x000000b654900000) (1024K)]
  0x0000022dfdaf48a0 JavaThread "C2 CompilerThread0"         daemon [_thread_blocked, id=6856, stack(0x000000b654900000,0x000000b654a00000) (1024K)]
  0x0000022dfdaf5610 JavaThread "C1 CompilerThread0"         daemon [_thread_blocked, id=1908, stack(0x000000b654a00000,0x000000b654b00000) (1024K)]
  0x0000022dfdbf16d0 JavaThread "Common-Cleaner"             daemon [_thread_blocked, id=17876, stack(0x000000b654b00000,0x000000b654c00000) (1024K)]
  0x0000022dfdd60de0 JavaThread "Notification Thread"        daemon [_thread_blocked, id=22580, stack(0x000000b654c00000,0x000000b654d00000) (1024K)]
  0x0000022dff478b80 JavaThread "Daemon health stats"               [_thread_blocked, id=23452, stack(0x000000b655000000,0x000000b655100000) (1024K)]
  0x0000022dff5e7680 JavaThread "Incoming local TCP Connector on port 50180"        [_thread_in_native, id=19928, stack(0x000000b655100000,0x000000b655200000) (1024K)]
  0x0000022dff423bd0 JavaThread "Daemon periodic checks"            [_thread_blocked, id=5328, stack(0x000000b655200000,0x000000b655300000) (1024K)]
  0x0000022dd40c6650 JavaThread "Cache worker for journal cache (C:\Users\jaira\.gradle\caches\journal-1)"        [_thread_blocked, id=14704, stack(0x000000b655a00000,0x000000b655b00000) (1024K)]
  0x0000022dd40c8090 JavaThread "File lock request listener"        [_thread_in_native, id=800, stack(0x000000b655b00000,0x000000b655c00000) (1024K)]
  0x0000022dd40c52a0 JavaThread "Cache worker for file hash cache (C:\Users\jaira\.gradle\caches\9.3.1\fileHashes)"        [_thread_blocked, id=19320, stack(0x000000b655c00000,0x000000b655d00000) (1024K)]
  0x0000022dd5242e40 JavaThread "File watcher server"        daemon [_thread_blocked, id=20780, stack(0x000000b655f00000,0x000000b656000000) (1024K)]
  0x0000022dd5244880 JavaThread "File watcher consumer"      daemon [_thread_blocked, id=18588, stack(0x000000b656000000,0x000000b656100000) (1024K)]
  0x0000022dd5243b60 JavaThread "Cache worker for file content cache (C:\Users\jaira\.gradle\caches\9.3.1\fileContent)"        [_thread_blocked, id=21776, stack(0x000000b656200000,0x000000b656300000) (1024K)]
  0x0000022dd461fd00 JavaThread "jar transforms"                    [_thread_blocked, id=11812, stack(0x000000b656500000,0x000000b656600000) (1024K)]
  0x0000022dd4623180 JavaThread "jar transforms Thread 2"           [_thread_blocked, id=8028, stack(0x000000b656900000,0x000000b656a00000) (1024K)]
  0x0000022dd4623ea0 JavaThread "jar transforms Thread 3"           [_thread_blocked, id=15764, stack(0x000000b656b00000,0x000000b656c00000) (1024K)]
  0x0000022dd4473970 JavaThread "jar transforms Thread 4"           [_thread_blocked, id=22236, stack(0x000000b657500000,0x000000b657600000) (1024K)]
  0x0000022dd4475a40 JavaThread "Memory manager"                    [_thread_blocked, id=13688, stack(0x000000b657600000,0x000000b657700000) (1024K)]
  0x0000022dd6f88010 JavaThread "Cache worker for Java compile cache (C:\Users\jaira\.gradle\caches\9.3.1\javaCompile)"        [_thread_blocked, id=1404, stack(0x000000b658800000,0x000000b658900000) (1024K)]
  0x0000022dfd99f5a0 JavaThread "Daemon Thread 5"                   [_thread_blocked, id=16472, stack(0x000000b653800000,0x000000b653900000) (1024K)]
  0x0000022dfd99fc30 JavaThread "Handler for socket connection from /127.0.0.1:50180 to /127.0.0.1:49236"        [_thread_in_native, id=15704, stack(0x000000b653900000,0x000000b653a00000) (1024K)]
  0x0000022dfd9a3740 JavaThread "Cancel handler"                    [_thread_blocked, id=13188, stack(0x000000b653a00000,0x000000b653b00000) (1024K)]
  0x0000022dfd9a1670 JavaThread "Daemon worker Thread 4"            [_thread_blocked, id=23232, stack(0x000000b655300000,0x000000b655400000) (1024K)]
  0x0000022dfd9a6530 JavaThread "Asynchronous log dispatcher for DefaultDaemonConnection: socket connection from /127.0.0.1:50180 to /127.0.0.1:49236"        [_thread_blocked, id=2240, stack(0x000000b655400000,0x000000b655500000) (1024K)]
  0x0000022dfd9a5ea0 JavaThread "Stdin handler"                     [_thread_blocked, id=7588, stack(0x000000b655500000,0x000000b655600000) (1024K)]
  0x0000022dfd9a5180 JavaThread "Daemon client event forwarder"        [_thread_blocked, id=23180, stack(0x000000b655600000,0x000000b655700000) (1024K)]
  0x0000022dfd9a7250 JavaThread "Cache worker for file hash cache (C:\Users\jaira\Downloads\inmia\iot_teamRocket\.gradle\9.3.1\fileHashes)"        [_thread_blocked, id=22944, stack(0x000000b655700000,0x000000b655800000) (1024K)]
  0x0000022dfd9a78e0 JavaThread "Cache worker for Build Output Cleanup Cache (C:\Users\jaira\Downloads\inmia\iot_teamRocket\.gradle\buildOutputCleanup)"        [_thread_blocked, id=2640, stack(0x000000b655800000,0x000000b655900000) (1024K)]
  0x0000022dfd9a4460 JavaThread "Cache worker for checksums cache (C:\Users\jaira\Downloads\inmia\iot_teamRocket\.gradle\9.3.1\checksums)"        [_thread_blocked, id=20548, stack(0x000000b655900000,0x000000b655a00000) (1024K)]
  0x0000022dfd9aad60 JavaThread "Cache worker for cache directory md-supplier (C:\Users\jaira\.gradle\caches\9.3.1\md-supplier)"        [_thread_blocked, id=7188, stack(0x000000b655d00000,0x000000b655e00000) (1024K)]
  0x0000022dfd9a99b0 JavaThread "Cache worker for cache directory md-rule (C:\Users\jaira\.gradle\caches\9.3.1\md-rule)"        [_thread_blocked, id=21048, stack(0x000000b655e00000,0x000000b655f00000) (1024K)]
  0x0000022dfd9ab3f0 JavaThread "Unconstrained build operations"        [_thread_blocked, id=23080, stack(0x000000b656100000,0x000000b656200000) (1024K)]
  0x0000022dfd9aba80 JavaThread "Unconstrained build operations Thread 2"        [_thread_blocked, id=18728, stack(0x000000b656300000,0x000000b656400000) (1024K)]
  0x0000022dfd9a8600 JavaThread "Unconstrained build operations Thread 3"        [_thread_blocked, id=5540, stack(0x000000b656400000,0x000000b656500000) (1024K)]
  0x0000022dfd9ac110 JavaThread "Unconstrained build operations Thread 4"        [_thread_blocked, id=21312, stack(0x000000b656600000,0x000000b656700000) (1024K)]
  0x0000022dfd9a8c90 JavaThread "Unconstrained build operations Thread 5"        [_thread_blocked, id=23376, stack(0x000000b656700000,0x000000b656800000) (1024K)]
  0x0000022dfd9a9320 JavaThread "Unconstrained build operations Thread 6"        [_thread_blocked, id=12048, stack(0x000000b656800000,0x000000b656900000) (1024K)]
  0x0000022dfd9ac7a0 JavaThread "Unconstrained build operations Thread 7"        [_thread_blocked, id=23172, stack(0x000000b656a00000,0x000000b656b00000) (1024K)]
  0x0000022dfd9ace30 JavaThread "Unconstrained build operations Thread 8"        [_thread_blocked, id=6960, stack(0x000000b656c00000,0x000000b656d00000) (1024K)]
  0x0000022dfd9ae1e0 JavaThread "Problems report writer"            [_thread_blocked, id=20488, stack(0x000000b656d00000,0x000000b656e00000) (1024K)]
  0x0000022dfd9ae870 JavaThread "Unconstrained build operations Thread 9"        [_thread_blocked, id=20972, stack(0x000000b656e00000,0x000000b656f00000) (1024K)]
  0x0000022dde375ce0 JavaThread "Unconstrained build operations Thread 10"        [_thread_blocked, id=23176, stack(0x000000b656f00000,0x000000b657000000) (1024K)]
  0x0000022dde374fc0 JavaThread "Unconstrained build operations Thread 11"        [_thread_blocked, id=21748, stack(0x000000b657000000,0x000000b657100000) (1024K)]
  0x0000022dde377720 JavaThread "Unconstrained build operations Thread 12"        [_thread_blocked, id=22952, stack(0x000000b657100000,0x000000b657200000) (1024K)]
  0x0000022dde374930 JavaThread "Unconstrained build operations Thread 13"        [_thread_blocked, id=3544, stack(0x000000b657200000,0x000000b657300000) (1024K)]
  0x0000022dde376370 JavaThread "Unconstrained build operations Thread 14"        [_thread_blocked, id=9004, stack(0x000000b657300000,0x000000b657400000) (1024K)]
  0x0000022dde376a00 JavaThread "build event listener"              [_thread_blocked, id=21760, stack(0x000000b657400000,0x000000b657500000) (1024K)]
  0x0000022dde377db0 JavaThread "build event listener"              [_thread_blocked, id=22224, stack(0x000000b657700000,0x000000b657800000) (1024K)]
  0x0000022dde378440 JavaThread "included builds"                   [_thread_blocked, id=1840, stack(0x000000b657800000,0x000000b657900000) (1024K)]
  0x0000022dde378ad0 JavaThread "Execution worker"                  [_thread_blocked, id=17888, stack(0x000000b657900000,0x000000b657a00000) (1024K)]
  0x0000022dde375650 JavaThread "Execution worker Thread 2"         [_thread_blocked, id=19976, stack(0x000000b657a00000,0x000000b657b00000) (1024K)]
  0x0000022dde379160 JavaThread "Execution worker Thread 3"         [_thread_blocked, id=15004, stack(0x000000b657b00000,0x000000b657c00000) (1024K)]
  0x0000022dde37bf50 JavaThread "Cache worker for execution history cache (C:\Users\jaira\Downloads\inmia\iot_teamRocket\.gradle\9.3.1\executionHistory)"        [_thread_blocked, id=1092, stack(0x000000b657c00000,0x000000b657d00000) (1024K)]
  0x0000022dde37c5e0 JavaThread "Unconstrained build operations Thread 15"        [_thread_blocked, id=12328, stack(0x000000b657d00000,0x000000b657e00000) (1024K)]
  0x0000022dde37b8c0 JavaThread "Unconstrained build operations Thread 16"        [_thread_blocked, id=13240, stack(0x000000b657e00000,0x000000b657f00000) (1024K)]
  0x0000022dde37b230 JavaThread "Unconstrained build operations Thread 17"        [_thread_blocked, id=15352, stack(0x000000b657f00000,0x000000b658000000) (1024K)]
  0x0000022dde37d990 JavaThread "Unconstrained build operations Thread 18"        [_thread_blocked, id=2052, stack(0x000000b658000000,0x000000b658100000) (1024K)]
  0x0000022dde37a510 JavaThread "Unconstrained build operations Thread 19"        [_thread_blocked, id=23528, stack(0x000000b658100000,0x000000b658200000) (1024K)]
  0x0000022dde37e020 JavaThread "Unconstrained build operations Thread 20"        [_thread_blocked, id=9432, stack(0x000000b658200000,0x000000b658300000) (1024K)]
  0x0000022dde37aba0 JavaThread "Unconstrained build operations Thread 21"        [_thread_blocked, id=21152, stack(0x000000b658300000,0x000000b658400000) (1024K)]
  0x0000022dde380e10 JavaThread "Unconstrained build operations Thread 22"        [_thread_blocked, id=11208, stack(0x000000b658400000,0x000000b658500000) (1024K)]
  0x0000022dde3800f0 JavaThread "Unconstrained build operations Thread 23"        [_thread_blocked, id=22056, stack(0x000000b658500000,0x000000b658600000) (1024K)]
  0x0000022dde37f3d0 JavaThread "Unconstrained build operations Thread 24"        [_thread_blocked, id=21540, stack(0x000000b658600000,0x000000b658700000) (1024K)]
  0x0000022dde3814a0 JavaThread "Unconstrained build operations Thread 25"        [_thread_blocked, id=18224, stack(0x000000b658700000,0x000000b658800000) (1024K)]
  0x0000022dde37e6b0 JavaThread "Unconstrained build operations Thread 26"        [_thread_blocked, id=15612, stack(0x000000b658900000,0x000000b658a00000) (1024K)]
Total: 72

Other Threads:
=>0x0000022dfdac8b70 VMThread "VM Thread"                           [id=22584, stack(0x000000b654200000,0x000000b654300000) (1024K)]
  0x0000022dfdaacb30 WatcherThread "VM Periodic Task Thread"        [id=16940, stack(0x000000b654100000,0x000000b654200000) (1024K)]
  0x0000022df07ac330 WorkerThread "GC Thread#0"                     [id=10744, stack(0x000000b653c00000,0x000000b653d00000) (1024K)]
  0x0000022dfdde0ae0 WorkerThread "GC Thread#1"                     [id=16096, stack(0x000000b654d00000,0x000000b654e00000) (1024K)]
  0x0000022dfde66b40 WorkerThread "GC Thread#2"                     [id=2260, stack(0x000000b654e00000,0x000000b654f00000) (1024K)]
  0x0000022dfe8200d0 WorkerThread "GC Thread#3"                     [id=19204, stack(0x000000b654f00000,0x000000b655000000) (1024K)]
  0x0000022df07bd220 ConcurrentGCThread "G1 Main Marker"            [id=19316, stack(0x000000b653d00000,0x000000b653e00000) (1024K)]
  0x0000022df07beab0 WorkerThread "G1 Conc#0"                       [id=20336, stack(0x000000b653e00000,0x000000b653f00000) (1024K)]
  0x0000022dfd9810b0 ConcurrentGCThread "G1 Refine#0"               [id=14788, stack(0x000000b653f00000,0x000000b654000000) (1024K)]
  0x0000022dfd9828e0 ConcurrentGCThread "G1 Service"                [id=22648, stack(0x000000b654000000,0x000000b654100000) (1024K)]
Total: 10

Threads with active compile tasks:
Total: 0

VM state: at safepoint (normal execution)

VM Mutex/Monitor currently owned by a thread:  ([mutex/lock_event])
[0x00007ffa1040e308] Threads_lock - owner thread: 0x0000022dfdac8b70
[0x00007ffa1040e408] Heap_lock - owner thread: 0x0000022dde379160

Heap address: 0x0000000080000000, size: 2048 MB, Compressed Oops mode: 32-bit

CDS archive(s) mapped at: [0x0000022d8f000000-0x0000022d8fc80000-0x0000022d8fc80000), size 13107200, SharedBaseAddress: 0x0000022d8f000000, ArchiveRelocationMode: 1.
Compressed class space mapped at: 0x0000022d90000000-0x0000022dd0000000, reserved size: 1073741824
Narrow klass base: 0x0000022d8f000000, Narrow klass shift: 0, Narrow klass range: 0x100000000

GC Precious Log:
 CardTable entry size: 512
 Card Set container configuration: InlinePtr #cards 5 size 8 Array Of Cards #cards 12 size 40 Howl #buckets 4 coarsen threshold 1843 Howl Bitmap #cards 512 size 80 coarsen threshold 460 Card regions per heap region 1 cards per card region 2048
 CPUs: 4 total, 4 available
 Memory: 3871M
 Large Page Support: Disabled
 NUMA Support: Disabled
 Compressed Oops: Enabled (32-bit)
 Heap Region Size: 1M
 Heap Min Capacity: 8M
 Heap Initial Capacity: 62M
 Heap Max Capacity: 2G
 Pre-touch: Disabled
 Parallel Workers: 4
 Concurrent Workers: 1
 Concurrent Refinement Workers: 4
 Periodic GC: Disabled

Heap:
 garbage-first heap   total 620544K, used 305552K [0x0000000080000000, 0x0000000100000000)
  region size 1024K, 4 young (4096K), 4 survivors (4096K)
 Metaspace       used 163224K, committed 166208K, reserved 1245184K
  class space    used 20929K, committed 22400K, reserved 1048576K

Heap Regions: E=young(eden), S=young(survivor), O=old, HS=humongous(starts), HC=humongous(continues), CS=collection set, F=free, TAMS=top-at-mark-start, PB=parsable bottom
|   0|0x0000000080000000, 0x0000000080100000, 0x0000000080100000|100%|HS|  |TAMS 0x0000000080000000| PB 0x0000000080000000| Complete 
|   1|0x0000000080100000, 0x0000000080200000, 0x0000000080200000|100%|HC|  |TAMS 0x0000000080100000| PB 0x0000000080100000| Complete 
|   2|0x0000000080200000, 0x0000000080300000, 0x0000000080300000|100%|HC|  |TAMS 0x0000000080200000| PB 0x0000000080200000| Complete 
|   3|0x0000000080300000, 0x0000000080400000, 0x0000000080400000|100%|HC|  |TAMS 0x0000000080300000| PB 0x0000000080300000| Complete 
|   4|0x0000000080400000, 0x0000000080500000, 0x0000000080500000|100%| O|  |TAMS 0x0000000080400000| PB 0x0000000080400000| Untracked 
|   5|0x0000000080500000, 0x0000000080600000, 0x0000000080600000|100%| O|  |TAMS 0x0000000080500000| PB 0x0000000080500000| Untracked 
|   6|0x0000000080600000, 0x0000000080700000, 0x0000000080700000|100%| O|  |TAMS 0x0000000080600000| PB 0x0000000080600000| Untracked 
|   7|0x0000000080700000, 0x0000000080800000, 0x0000000080800000|100%| O|  |TAMS 0x0000000080700000| PB 0x0000000080700000| Untracked 
|   8|0x0000000080800000, 0x0000000080900000, 0x0000000080900000|100%| O|  |TAMS 0x0000000080800000| PB 0x0000000080800000| Untracked 
|   9|0x0000000080900000, 0x0000000080a00000, 0x0000000080a00000|100%| O|  |TAMS 0x0000000080900000| PB 0x0000000080900000| Untracked 
|  10|0x0000000080a00000, 0x0000000080b00000, 0x0000000080b00000|100%| O|  |TAMS 0x0000000080a00000| PB 0x0000000080a00000| Untracked 
|  11|0x0000000080b00000, 0x0000000080c00000, 0x0000000080c00000|100%|HS|  |TAMS 0x0000000080b00000| PB 0x0000000080b00000| Complete 
|  12|0x0000000080c00000, 0x0000000080d00000, 0x0000000080d00000|100%| O|  |TAMS 0x0000000080c00000| PB 0x0000000080c00000| Untracked 
|  13|0x0000000080d00000, 0x0000000080e00000, 0x0000000080e00000|100%| O|  |TAMS 0x0000000080d00000| PB 0x0000000080d00000| Untracked 
|  14|0x0000000080e00000, 0x0000000080f00000, 0x0000000080f00000|100%| O|  |TAMS 0x0000000080e00000| PB 0x0000000080e00000| Untracked 
|  15|0x0000000080f00000, 0x0000000081000000, 0x0000000081000000|100%| O|  |TAMS 0x0000000080f00000| PB 0x0000000080f00000| Untracked 
|  16|0x0000000081000000, 0x0000000081100000, 0x0000000081100000|100%| O|  |TAMS 0x0000000081000000| PB 0x0000000081000000| Untracked 
|  17|0x0000000081100000, 0x0000000081200000, 0x0000000081200000|100%| O|  |TAMS 0x0000000081100000| PB 0x0000000081100000| Untracked 
|  18|0x0000000081200000, 0x0000000081300000, 0x0000000081300000|100%| O|  |TAMS 0x0000000081200000| PB 0x0000000081200000| Untracked 
|  19|0x0000000081300000, 0x0000000081400000, 0x0000000081400000|100%| O|  |TAMS 0x0000000081300000| PB 0x0000000081300000| Untracked 
|  20|0x0000000081400000, 0x0000000081500000, 0x0000000081500000|100%| O|  |TAMS 0x0000000081400000| PB 0x0000000081400000| Untracked 
|  21|0x0000000081500000, 0x0000000081600000, 0x0000000081600000|100%| O|  |TAMS 0x0000000081500000| PB 0x0000000081500000| Untracked 
|  22|0x0000000081600000, 0x0000000081700000, 0x0000000081700000|100%| O|  |TAMS 0x0000000081600000| PB 0x0000000081600000| Untracked 
|  23|0x0000000081700000, 0x0000000081800000, 0x0000000081800000|100%| O|  |TAMS 0x0000000081700000| PB 0x0000000081700000| Untracked 
|  24|0x0000000081800000, 0x0000000081900000, 0x0000000081900000|100%| O|  |TAMS 0x0000000081800000| PB 0x0000000081800000| Untracked 
|  25|0x0000000081900000, 0x0000000081a00000, 0x0000000081a00000|100%| O|  |TAMS 0x0000000081900000| PB 0x0000000081900000| Untracked 
|  26|0x0000000081a00000, 0x0000000081b00000, 0x0000000081b00000|100%| O|  |TAMS 0x0000000081a00000| PB 0x0000000081a00000| Untracked 
|  27|0x0000000081b00000, 0x0000000081c00000, 0x0000000081c00000|100%| O|  |TAMS 0x0000000081b00000| PB 0x0000000081b00000| Untracked 
|  28|0x0000000081c00000, 0x0000000081d00000, 0x0000000081d00000|100%| O|  |TAMS 0x0000000081c00000| PB 0x0000000081c00000| Untracked 
|  29|0x0000000081d00000, 0x0000000081e00000, 0x0000000081e00000|100%| O|  |TAMS 0x0000000081d00000| PB 0x0000000081d00000| Untracked 
|  30|0x0000000081e00000, 0x0000000081f00000, 0x0000000081f00000|100%| O|  |TAMS 0x0000000081e00000| PB 0x0000000081e00000| Untracked 
|  31|0x0000000081f00000, 0x0000000082000000, 0x0000000082000000|100%| O|  |TAMS 0x0000000081f00000| PB 0x0000000081f00000| Untracked 
|  32|0x0000000082000000, 0x0000000082100000, 0x0000000082100000|100%| O|  |TAMS 0x0000000082000000| PB 0x0000000082000000| Untracked 
|  33|0x0000000082100000, 0x0000000082200000, 0x0000000082200000|100%| O|  |TAMS 0x0000000082100000| PB 0x0000000082100000| Untracked 
|  34|0x0000000082200000, 0x0000000082300000, 0x0000000082300000|100%| O|  |TAMS 0x0000000082200000| PB 0x0000000082200000| Untracked 
|  35|0x0000000082300000, 0x0000000082400000, 0x0000000082400000|100%| O|  |TAMS 0x0000000082300000| PB 0x0000000082300000| Untracked 
|  36|0x0000000082400000, 0x0000000082500000, 0x0000000082500000|100%| O|  |TAMS 0x0000000082400000| PB 0x0000000082400000| Untracked 
|  37|0x0000000082500000, 0x0000000082600000, 0x0000000082600000|100%| O|  |TAMS 0x0000000082500000| PB 0x0000000082500000| Untracked 
|  38|0x0000000082600000, 0x0000000082700000, 0x0000000082700000|100%| O|  |TAMS 0x0000000082600000| PB 0x0000000082600000| Untracked 
|  39|0x0000000082700000, 0x0000000082800000, 0x0000000082800000|100%| O|  |TAMS 0x0000000082700000| PB 0x0000000082700000| Untracked 
|  40|0x0000000082800000, 0x0000000082900000, 0x0000000082900000|100%| O|  |TAMS 0x0000000082800000| PB 0x0000000082800000| Untracked 
|  41|0x0000000082900000, 0x0000000082a00000, 0x0000000082a00000|100%| O|  |TAMS 0x0000000082900000| PB 0x0000000082900000| Untracked 
|  42|0x0000000082a00000, 0x0000000082b00000, 0x0000000082b00000|100%| O|  |TAMS 0x0000000082a00000| PB 0x0000000082a00000| Untracked 
|  43|0x0000000082b00000, 0x0000000082c00000, 0x0000000082c00000|100%| O|  |TAMS 0x0000000082b00000| PB 0x0000000082b00000| Untracked 
|  44|0x0000000082c00000, 0x0000000082d00000, 0x0000000082d00000|100%| O|  |TAMS 0x0000000082c00000| PB 0x0000000082c00000| Untracked 
|  45|0x0000000082d00000, 0x0000000082e00000, 0x0000000082e00000|100%| O|  |TAMS 0x0000000082d00000| PB 0x0000000082d00000| Untracked 
|  46|0x0000000082e00000, 0x0000000082f00000, 0x0000000082f00000|100%| O|  |TAMS 0x0000000082e00000| PB 0x0000000082e00000| Untracked 
|  47|0x0000000082f00000, 0x0000000083000000, 0x0000000083000000|100%| O|  |TAMS 0x0000000082f00000| PB 0x0000000082f00000| Untracked 
|  48|0x0000000083000000, 0x0000000083100000, 0x0000000083100000|100%| O|  |TAMS 0x0000000083000000| PB 0x0000000083000000| Untracked 
|  49|0x0000000083100000, 0x0000000083200000, 0x0000000083200000|100%|HS|  |TAMS 0x0000000083100000| PB 0x0000000083100000| Complete 
|  50|0x0000000083200000, 0x0000000083300000, 0x0000000083300000|100%|HS|  |TAMS 0x0000000083200000| PB 0x0000000083200000| Complete 
|  51|0x0000000083300000, 0x0000000083400000, 0x0000000083400000|100%|HS|  |TAMS 0x0000000083300000| PB 0x0000000083300000| Complete 
|  52|0x0000000083400000, 0x0000000083500000, 0x0000000083500000|100%|HS|  |TAMS 0x0000000083400000| PB 0x0000000083400000| Complete 
|  53|0x0000000083500000, 0x0000000083600000, 0x0000000083600000|100%|HC|  |TAMS 0x0000000083500000| PB 0x0000000083500000| Complete 
|  54|0x0000000083600000, 0x0000000083700000, 0x0000000083700000|100%| O|  |TAMS 0x0000000083600000| PB 0x0000000083600000| Untracked 
|  55|0x0000000083700000, 0x0000000083800000, 0x0000000083800000|100%| O|  |TAMS 0x0000000083700000| PB 0x0000000083700000| Untracked 
|  56|0x0000000083800000, 0x0000000083900000, 0x0000000083900000|100%| O|  |TAMS 0x0000000083800000| PB 0x0000000083800000| Untracked 
|  57|0x0000000083900000, 0x0000000083a00000, 0x0000000083a00000|100%|HS|  |TAMS 0x0000000083900000| PB 0x0000000083900000| Complete 
|  58|0x0000000083a00000, 0x0000000083b00000, 0x0000000083b00000|100%| O|  |TAMS 0x0000000083a00000| PB 0x0000000083a00000| Untracked 
|  59|0x0000000083b00000, 0x0000000083c00000, 0x0000000083c00000|100%| O|  |TAMS 0x0000000083b00000| PB 0x0000000083b00000| Untracked 
|  60|0x0000000083c00000, 0x0000000083d00000, 0x0000000083d00000|100%|HS|  |TAMS 0x0000000083c00000| PB 0x0000000083c00000| Complete 
|  61|0x0000000083d00000, 0x0000000083e00000, 0x0000000083e00000|100%|HS|  |TAMS 0x0000000083d00000| PB 0x0000000083d00000| Complete 
|  62|0x0000000083e00000, 0x0000000083f00000, 0x0000000083f00000|100%| O|  |TAMS 0x0000000083e00000| PB 0x0000000083e00000| Untracked 
|  63|0x0000000083f00000, 0x0000000084000000, 0x0000000084000000|100%|HS|  |TAMS 0x0000000083f00000| PB 0x0000000083f00000| Complete 
|  64|0x0000000084000000, 0x0000000084100000, 0x0000000084100000|100%|HC|  |TAMS 0x0000000084000000| PB 0x0000000084000000| Complete 
|  65|0x0000000084100000, 0x0000000084200000, 0x0000000084200000|100%| O|  |TAMS 0x0000000084100000| PB 0x0000000084100000| Untracked 
|  66|0x0000000084200000, 0x0000000084300000, 0x0000000084300000|100%| O|  |TAMS 0x0000000084200000| PB 0x0000000084200000| Untracked 
|  67|0x0000000084300000, 0x0000000084400000, 0x0000000084400000|100%| O|  |TAMS 0x0000000084300000| PB 0x0000000084300000| Untracked 
|  68|0x0000000084400000, 0x0000000084500000, 0x0000000084500000|100%| O|  |TAMS 0x0000000084400000| PB 0x0000000084400000| Untracked 
|  69|0x0000000084500000, 0x0000000084600000, 0x0000000084600000|100%|HS|  |TAMS 0x0000000084500000| PB 0x0000000084500000| Complete 
|  70|0x0000000084600000, 0x0000000084700000, 0x0000000084700000|100%| O|  |TAMS 0x0000000084600000| PB 0x0000000084600000| Untracked 
|  71|0x0000000084700000, 0x0000000084800000, 0x0000000084800000|100%| O|  |TAMS 0x0000000084700000| PB 0x0000000084700000| Untracked 
|  72|0x0000000084800000, 0x0000000084900000, 0x0000000084900000|100%| O|  |TAMS 0x0000000084800000| PB 0x0000000084800000| Untracked 
|  73|0x0000000084900000, 0x0000000084a00000, 0x0000000084a00000|100%| O|  |TAMS 0x0000000084900000| PB 0x0000000084900000| Untracked 
|  74|0x0000000084a00000, 0x0000000084b00000, 0x0000000084b00000|100%| O|  |TAMS 0x0000000084a00000| PB 0x0000000084a00000| Untracked 
|  75|0x0000000084b00000, 0x0000000084c00000, 0x0000000084c00000|100%| O|  |TAMS 0x0000000084b00000| PB 0x0000000084b00000| Untracked 
|  76|0x0000000084c00000, 0x0000000084d00000, 0x0000000084d00000|100%| O|  |TAMS 0x0000000084c00000| PB 0x0000000084c00000| Untracked 
|  77|0x0000000084d00000, 0x0000000084e00000, 0x0000000084e00000|100%| O|  |TAMS 0x0000000084d00000| PB 0x0000000084d00000| Untracked 
|  78|0x0000000084e00000, 0x0000000084f00000, 0x0000000084f00000|100%| O|  |TAMS 0x0000000084e00000| PB 0x0000000084e00000| Untracked 
|  79|0x0000000084f00000, 0x0000000085000000, 0x0000000085000000|100%| O|  |TAMS 0x0000000084f00000| PB 0x0000000084f00000| Untracked 
|  80|0x0000000085000000, 0x0000000085100000, 0x0000000085100000|100%| O|  |TAMS 0x0000000085000000| PB 0x0000000085000000| Untracked 
|  81|0x0000000085100000, 0x0000000085200000, 0x0000000085200000|100%| O|  |TAMS 0x0000000085100000| PB 0x0000000085100000| Untracked 
|  82|0x0000000085200000, 0x0000000085300000, 0x0000000085300000|100%| O|  |TAMS 0x0000000085200000| PB 0x0000000085200000| Untracked 
|  83|0x0000000085300000, 0x0000000085400000, 0x0000000085400000|100%| O|  |TAMS 0x0000000085300000| PB 0x0000000085300000| Untracked 
|  84|0x0000000085400000, 0x0000000085500000, 0x0000000085500000|100%| O|  |TAMS 0x0000000085400000| PB 0x0000000085400000| Untracked 
|  85|0x0000000085500000, 0x0000000085600000, 0x0000000085600000|100%| O|  |TAMS 0x0000000085500000| PB 0x0000000085500000| Untracked 
|  86|0x0000000085600000, 0x0000000085600000, 0x0000000085700000|  0%| F|  |TAMS 0x0000000085600000| PB 0x0000000085600000| Untracked 
|  87|0x0000000085700000, 0x0000000085800000, 0x0000000085800000|100%| O|  |TAMS 0x0000000085700000| PB 0x0000000085700000| Untracked 
|  88|0x0000000085800000, 0x0000000085900000, 0x0000000085900000|100%| O|  |TAMS 0x0000000085800000| PB 0x0000000085800000| Untracked 
|  89|0x0000000085900000, 0x0000000085a00000, 0x0000000085a00000|100%| O|  |TAMS 0x0000000085900000| PB 0x0000000085900000| Untracked 
|  90|0x0000000085a00000, 0x0000000085b00000, 0x0000000085b00000|100%| O|  |TAMS 0x0000000085a00000| PB 0x0000000085a00000| Untracked 
|  91|0x0000000085b00000, 0x0000000085c00000, 0x0000000085c00000|100%| O|  |TAMS 0x0000000085b00000| PB 0x0000000085b00000| Untracked 
|  92|0x0000000085c00000, 0x0000000085d00000, 0x0000000085d00000|100%| O|  |TAMS 0x0000000085c00000| PB 0x0000000085c00000| Untracked 
|  93|0x0000000085d00000, 0x0000000085e00000, 0x0000000085e00000|100%| O|  |TAMS 0x0000000085d00000| PB 0x0000000085d00000| Untracked 
|  94|0x0000000085e00000, 0x0000000085f00000, 0x0000000085f00000|100%| O|  |TAMS 0x0000000085e00000| PB 0x0000000085e00000| Untracked 
|  95|0x0000000085f00000, 0x0000000086000000, 0x0000000086000000|100%| O|  |TAMS 0x0000000085f00000| PB 0x0000000085f00000| Untracked 
|  96|0x0000000086000000, 0x0000000086100000, 0x0000000086100000|100%| O|  |TAMS 0x0000000086000000| PB 0x0000000086000000| Untracked 
|  97|0x0000000086100000, 0x0000000086200000, 0x0000000086200000|100%| O|  |TAMS 0x0000000086100000| PB 0x0000000086100000| Untracked 
|  98|0x0000000086200000, 0x0000000086300000, 0x0000000086300000|100%| O|  |TAMS 0x0000000086200000| PB 0x0000000086200000| Untracked 
|  99|0x0000000086300000, 0x0000000086400000, 0x0000000086400000|100%| O|  |TAMS 0x0000000086300000| PB 0x0000000086300000| Untracked 
| 100|0x0000000086400000, 0x0000000086500000, 0x0000000086500000|100%| O|  |TAMS 0x0000000086400000| PB 0x0000000086400000| Untracked 
| 101|0x0000000086500000, 0x0000000086600000, 0x0000000086600000|100%| O|  |TAMS 0x0000000086500000| PB 0x0000000086500000| Untracked 
| 102|0x0000000086600000, 0x0000000086700000, 0x0000000086700000|100%| O|  |TAMS 0x0000000086600000| PB 0x0000000086600000| Untracked 
| 103|0x0000000086700000, 0x0000000086800000, 0x0000000086800000|100%| O|  |TAMS 0x0000000086700000| PB 0x0000000086700000| Untracked 
| 104|0x0000000086800000, 0x0000000086900000, 0x0000000086900000|100%| O|  |TAMS 0x0000000086800000| PB 0x0000000086800000| Untracked 
| 105|0x0000000086900000, 0x0000000086a00000, 0x0000000086a00000|100%| O|  |TAMS 0x0000000086900000| PB 0x0000000086900000| Untracked 
| 106|0x0000000086a00000, 0x0000000086b00000, 0x0000000086b00000|100%| O|  |TAMS 0x0000000086a00000| PB 0x0000000086a00000| Untracked 
| 107|0x0000000086b00000, 0x0000000086c00000, 0x0000000086c00000|100%| O|  |TAMS 0x0000000086b00000| PB 0x0000000086b00000| Untracked 
| 108|0x0000000086c00000, 0x0000000086d00000, 0x0000000086d00000|100%| O|  |TAMS 0x0000000086c00000| PB 0x0000000086c00000| Untracked 
| 109|0x0000000086d00000, 0x0000000086e00000, 0x0000000086e00000|100%| O|  |TAMS 0x0000000086d00000| PB 0x0000000086d00000| Untracked 
| 110|0x0000000086e00000, 0x0000000086f00000, 0x0000000086f00000|100%| O|  |TAMS 0x0000000086e00000| PB 0x0000000086e00000| Untracked 
| 111|0x0000000086f00000, 0x0000000087000000, 0x0000000087000000|100%| O|  |TAMS 0x0000000086f00000| PB 0x0000000086f00000| Untracked 
| 112|0x0000000087000000, 0x0000000087100000, 0x0000000087100000|100%| O|  |TAMS 0x0000000087000000| PB 0x0000000087000000| Untracked 
| 113|0x0000000087100000, 0x0000000087200000, 0x0000000087200000|100%| O|  |TAMS 0x0000000087100000| PB 0x0000000087100000| Untracked 
| 114|0x0000000087200000, 0x0000000087300000, 0x0000000087300000|100%| O|  |TAMS 0x0000000087200000| PB 0x0000000087200000| Untracked 
| 115|0x0000000087300000, 0x0000000087400000, 0x0000000087400000|100%|HS|  |TAMS 0x0000000087300000| PB 0x0000000087300000| Complete 
| 116|0x0000000087400000, 0x0000000087500000, 0x0000000087500000|100%|HC|  |TAMS 0x0000000087400000| PB 0x0000000087400000| Complete 
| 117|0x0000000087500000, 0x0000000087600000, 0x0000000087600000|100%| O|  |TAMS 0x0000000087500000| PB 0x0000000087500000| Untracked 
| 118|0x0000000087600000, 0x0000000087700000, 0x0000000087700000|100%| O|  |TAMS 0x0000000087600000| PB 0x0000000087600000| Untracked 
| 119|0x0000000087700000, 0x0000000087800000, 0x0000000087800000|100%| O|  |TAMS 0x0000000087700000| PB 0x0000000087700000| Untracked 
| 120|0x0000000087800000, 0x0000000087900000, 0x0000000087900000|100%| O|  |TAMS 0x0000000087800000| PB 0x0000000087800000| Untracked 
| 121|0x0000000087900000, 0x0000000087a00000, 0x0000000087a00000|100%| O|  |TAMS 0x0000000087900000| PB 0x0000000087900000| Untracked 
| 122|0x0000000087a00000, 0x0000000087b00000, 0x0000000087b00000|100%| O|  |TAMS 0x0000000087a00000| PB 0x0000000087a00000| Untracked 
| 123|0x0000000087b00000, 0x0000000087c00000, 0x0000000087c00000|100%| O|  |TAMS 0x0000000087b00000| PB 0x0000000087b00000| Untracked 
| 124|0x0000000087c00000, 0x0000000087d00000, 0x0000000087d00000|100%| O|  |TAMS 0x0000000087c00000| PB 0x0000000087c00000| Untracked 
| 125|0x0000000087d00000, 0x0000000087e00000, 0x0000000087e00000|100%| O|  |TAMS 0x0000000087d00000| PB 0x0000000087d00000| Untracked 
| 126|0x0000000087e00000, 0x0000000087f00000, 0x0000000087f00000|100%| O|  |TAMS 0x0000000087e00000| PB 0x0000000087e00000| Untracked 
| 127|0x0000000087f00000, 0x0000000088000000, 0x0000000088000000|100%| O|  |TAMS 0x0000000087f00000| PB 0x0000000087f00000| Untracked 
| 128|0x0000000088000000, 0x0000000088100000, 0x0000000088100000|100%| O|  |TAMS 0x0000000088000000| PB 0x0000000088000000| Untracked 
| 129|0x0000000088100000, 0x0000000088200000, 0x0000000088200000|100%| O|  |TAMS 0x0000000088100000| PB 0x0000000088100000| Untracked 
| 130|0x0000000088200000, 0x0000000088300000, 0x0000000088300000|100%| O|  |TAMS 0x0000000088200000| PB 0x0000000088200000| Untracked 
| 131|0x0000000088300000, 0x0000000088400000, 0x0000000088400000|100%| O|  |TAMS 0x0000000088300000| PB 0x0000000088300000| Untracked 
| 132|0x0000000088400000, 0x0000000088500000, 0x0000000088500000|100%| O|  |TAMS 0x0000000088400000| PB 0x0000000088400000| Untracked 
| 133|0x0000000088500000, 0x0000000088600000, 0x0000000088600000|100%| O|  |TAMS 0x0000000088500000| PB 0x0000000088500000| Untracked 
| 134|0x0000000088600000, 0x0000000088700000, 0x0000000088700000|100%| O|  |TAMS 0x0000000088600000| PB 0x0000000088600000| Untracked 
| 135|0x0000000088700000, 0x0000000088700000, 0x0000000088800000|  0%| F|  |TAMS 0x0000000088700000| PB 0x0000000088700000| Untracked 
| 136|0x0000000088800000, 0x0000000088900000, 0x0000000088900000|100%| O|  |TAMS 0x0000000088800000| PB 0x0000000088800000| Untracked 
| 137|0x0000000088900000, 0x0000000088a00000, 0x0000000088a00000|100%| O|  |TAMS 0x0000000088900000| PB 0x0000000088900000| Untracked 
| 138|0x0000000088a00000, 0x0000000088b00000, 0x0000000088b00000|100%| O|  |TAMS 0x0000000088a00000| PB 0x0000000088a00000| Untracked 
| 139|0x0000000088b00000, 0x0000000088c00000, 0x0000000088c00000|100%| O|  |TAMS 0x0000000088b00000| PB 0x0000000088b00000| Untracked 
| 140|0x0000000088c00000, 0x0000000088d00000, 0x0000000088d00000|100%| O|  |TAMS 0x0000000088c00000| PB 0x0000000088c00000| Untracked 
| 141|0x0000000088d00000, 0x0000000088e00000, 0x0000000088e00000|100%| O|  |TAMS 0x0000000088d00000| PB 0x0000000088d00000| Untracked 
| 142|0x0000000088e00000, 0x0000000088f00000, 0x0000000088f00000|100%| O|  |TAMS 0x0000000088e00000| PB 0x0000000088e00000| Untracked 
| 143|0x0000000088f00000, 0x0000000089000000, 0x0000000089000000|100%| O|  |TAMS 0x0000000088f00000| PB 0x0000000088f00000| Untracked 
| 144|0x0000000089000000, 0x0000000089100000, 0x0000000089100000|100%| O|  |TAMS 0x0000000089000000| PB 0x0000000089000000| Untracked 
| 145|0x0000000089100000, 0x0000000089200000, 0x0000000089200000|100%| O|  |TAMS 0x0000000089100000| PB 0x0000000089100000| Untracked 
| 146|0x0000000089200000, 0x0000000089300000, 0x0000000089300000|100%| O|  |TAMS 0x0000000089200000| PB 0x0000000089200000| Untracked 
| 147|0x0000000089300000, 0x0000000089400000, 0x0000000089400000|100%| O|  |TAMS 0x0000000089300000| PB 0x0000000089300000| Untracked 
| 148|0x0000000089400000, 0x0000000089500000, 0x0000000089500000|100%| O|  |TAMS 0x0000000089400000| PB 0x0000000089400000| Untracked 
| 149|0x0000000089500000, 0x0000000089600000, 0x0000000089600000|100%| O|  |TAMS 0x0000000089500000| PB 0x0000000089500000| Untracked 
| 150|0x0000000089600000, 0x0000000089700000, 0x0000000089700000|100%| O|  |TAMS 0x0000000089600000| PB 0x0000000089600000| Untracked 
| 151|0x0000000089700000, 0x0000000089800000, 0x0000000089800000|100%| O|  |TAMS 0x0000000089700000| PB 0x0000000089700000| Untracked 
| 152|0x0000000089800000, 0x0000000089900000, 0x0000000089900000|100%| O|  |TAMS 0x0000000089800000| PB 0x0000000089800000| Untracked 
| 153|0x0000000089900000, 0x0000000089a00000, 0x0000000089a00000|100%| O|  |TAMS 0x0000000089900000| PB 0x0000000089900000| Untracked 
| 154|0x0000000089a00000, 0x0000000089b00000, 0x0000000089b00000|100%| O|  |TAMS 0x0000000089a00000| PB 0x0000000089a00000| Untracked 
| 155|0x0000000089b00000, 0x0000000089c00000, 0x0000000089c00000|100%| O|  |TAMS 0x0000000089b00000| PB 0x0000000089b00000| Untracked 
| 156|0x0000000089c00000, 0x0000000089d00000, 0x0000000089d00000|100%| O|  |TAMS 0x0000000089c00000| PB 0x0000000089c00000| Untracked 
| 157|0x0000000089d00000, 0x0000000089e00000, 0x0000000089e00000|100%| O|  |TAMS 0x0000000089d00000| PB 0x0000000089d00000| Untracked 
| 158|0x0000000089e00000, 0x0000000089f00000, 0x0000000089f00000|100%| O|  |TAMS 0x0000000089e00000| PB 0x0000000089e00000| Untracked 
| 159|0x0000000089f00000, 0x000000008a000000, 0x000000008a000000|100%|HS|  |TAMS 0x0000000089f00000| PB 0x0000000089f00000| Complete 
| 160|0x000000008a000000, 0x000000008a100000, 0x000000008a100000|100%|HC|  |TAMS 0x000000008a000000| PB 0x000000008a000000| Complete 
| 161|0x000000008a100000, 0x000000008a200000, 0x000000008a200000|100%| O|  |TAMS 0x000000008a100000| PB 0x000000008a100000| Untracked 
| 162|0x000000008a200000, 0x000000008a300000, 0x000000008a300000|100%| O|  |TAMS 0x000000008a200000| PB 0x000000008a200000| Untracked 
| 163|0x000000008a300000, 0x000000008a400000, 0x000000008a400000|100%| O|  |TAMS 0x000000008a300000| PB 0x000000008a300000| Untracked 
| 164|0x000000008a400000, 0x000000008a500000, 0x000000008a500000|100%| O|  |TAMS 0x000000008a400000| PB 0x000000008a400000| Untracked 
| 165|0x000000008a500000, 0x000000008a600000, 0x000000008a600000|100%| O|  |TAMS 0x000000008a500000| PB 0x000000008a500000| Untracked 
| 166|0x000000008a600000, 0x000000008a700000, 0x000000008a700000|100%| O|  |TAMS 0x000000008a600000| PB 0x000000008a600000| Untracked 
| 167|0x000000008a700000, 0x000000008a800000, 0x000000008a800000|100%| O|  |TAMS 0x000000008a700000| PB 0x000000008a700000| Untracked 
| 168|0x000000008a800000, 0x000000008a900000, 0x000000008a900000|100%| O|  |TAMS 0x000000008a800000| PB 0x000000008a800000| Untracked 
| 169|0x000000008a900000, 0x000000008aa00000, 0x000000008aa00000|100%| O|  |TAMS 0x000000008a900000| PB 0x000000008a900000| Untracked 
| 170|0x000000008aa00000, 0x000000008ab00000, 0x000000008ab00000|100%| O|  |TAMS 0x000000008aa00000| PB 0x000000008aa00000| Untracked 
| 171|0x000000008ab00000, 0x000000008ac00000, 0x000000008ac00000|100%| O|  |TAMS 0x000000008ab00000| PB 0x000000008ab00000| Untracked 
| 172|0x000000008ac00000, 0x000000008ad00000, 0x000000008ad00000|100%| O|  |TAMS 0x000000008ac00000| PB 0x000000008ac00000| Untracked 
| 173|0x000000008ad00000, 0x000000008ae00000, 0x000000008ae00000|100%| O|  |TAMS 0x000000008ad00000| PB 0x000000008ad00000| Untracked 
| 174|0x000000008ae00000, 0x000000008af00000, 0x000000008af00000|100%| O|  |TAMS 0x000000008ae00000| PB 0x000000008ae00000| Untracked 
| 175|0x000000008af00000, 0x000000008af00000, 0x000000008b000000|  0%| F|  |TAMS 0x000000008af00000| PB 0x000000008af00000| Untracked 
| 176|0x000000008b000000, 0x000000008b100000, 0x000000008b100000|100%| O|  |TAMS 0x000000008b000000| PB 0x000000008b000000| Untracked 
| 177|0x000000008b100000, 0x000000008b200000, 0x000000008b200000|100%| O|  |TAMS 0x000000008b100000| PB 0x000000008b100000| Untracked 
| 178|0x000000008b200000, 0x000000008b300000, 0x000000008b300000|100%| O|  |TAMS 0x000000008b200000| PB 0x000000008b200000| Untracked 
| 179|0x000000008b300000, 0x000000008b400000, 0x000000008b400000|100%| O|  |TAMS 0x000000008b300000| PB 0x000000008b300000| Untracked 
| 180|0x000000008b400000, 0x000000008b500000, 0x000000008b500000|100%| O|  |TAMS 0x000000008b400000| PB 0x000000008b400000| Untracked 
| 181|0x000000008b500000, 0x000000008b600000, 0x000000008b600000|100%| O|  |TAMS 0x000000008b500000| PB 0x000000008b500000| Untracked 
| 182|0x000000008b600000, 0x000000008b700000, 0x000000008b700000|100%| O|  |TAMS 0x000000008b600000| PB 0x000000008b600000| Untracked 
| 183|0x000000008b700000, 0x000000008b800000, 0x000000008b800000|100%| O|  |TAMS 0x000000008b700000| PB 0x000000008b700000| Untracked 
| 184|0x000000008b800000, 0x000000008b900000, 0x000000008b900000|100%| O|  |TAMS 0x000000008b800000| PB 0x000000008b800000| Untracked 
| 185|0x000000008b900000, 0x000000008ba00000, 0x000000008ba00000|100%| O|  |TAMS 0x000000008b900000| PB 0x000000008b900000| Untracked 
| 186|0x000000008ba00000, 0x000000008bb00000, 0x000000008bb00000|100%| O|  |TAMS 0x000000008ba00000| PB 0x000000008ba00000| Untracked 
| 187|0x000000008bb00000, 0x000000008bc00000, 0x000000008bc00000|100%| O|  |TAMS 0x000000008bb00000| PB 0x000000008bb00000| Untracked 
| 188|0x000000008bc00000, 0x000000008bd00000, 0x000000008bd00000|100%| O|  |TAMS 0x000000008bc00000| PB 0x000000008bc00000| Untracked 
| 189|0x000000008bd00000, 0x000000008be00000, 0x000000008be00000|100%| O|  |TAMS 0x000000008bd00000| PB 0x000000008bd00000| Untracked 
| 190|0x000000008be00000, 0x000000008bf00000, 0x000000008bf00000|100%| O|  |TAMS 0x000000008be00000| PB 0x000000008be00000| Untracked 
| 191|0x000000008bf00000, 0x000000008c000000, 0x000000008c000000|100%| O|  |TAMS 0x000000008bf00000| PB 0x000000008bf00000| Untracked 
| 192|0x000000008c000000, 0x000000008c100000, 0x000000008c100000|100%| O|  |TAMS 0x000000008c000000| PB 0x000000008c000000| Untracked 
| 193|0x000000008c100000, 0x000000008c200000, 0x000000008c200000|100%| O|  |TAMS 0x000000008c100000| PB 0x000000008c100000| Untracked 
| 194|0x000000008c200000, 0x000000008c300000, 0x000000008c300000|100%| O|  |TAMS 0x000000008c200000| PB 0x000000008c200000| Untracked 
| 195|0x000000008c300000, 0x000000008c400000, 0x000000008c400000|100%| O|  |TAMS 0x000000008c300000| PB 0x000000008c300000| Untracked 
| 196|0x000000008c400000, 0x000000008c500000, 0x000000008c500000|100%| O|  |TAMS 0x000000008c400000| PB 0x000000008c400000| Untracked 
| 197|0x000000008c500000, 0x000000008c600000, 0x000000008c600000|100%| O|  |TAMS 0x000000008c500000| PB 0x000000008c500000| Untracked 
| 198|0x000000008c600000, 0x000000008c700000, 0x000000008c700000|100%| O|  |TAMS 0x000000008c600000| PB 0x000000008c600000| Untracked 
| 199|0x000000008c700000, 0x000000008c800000, 0x000000008c800000|100%| O|  |TAMS 0x000000008c700000| PB 0x000000008c700000| Untracked 
| 200|0x000000008c800000, 0x000000008c900000, 0x000000008c900000|100%| O|  |TAMS 0x000000008c800000| PB 0x000000008c800000| Untracked 
| 201|0x000000008c900000, 0x000000008ca00000, 0x000000008ca00000|100%| O|  |TAMS 0x000000008c900000| PB 0x000000008c900000| Untracked 
| 202|0x000000008ca00000, 0x000000008cb00000, 0x000000008cb00000|100%| O|  |TAMS 0x000000008ca00000| PB 0x000000008ca00000| Untracked 
| 203|0x000000008cb00000, 0x000000008cc00000, 0x000000008cc00000|100%| O|  |TAMS 0x000000008cb00000| PB 0x000000008cb00000| Untracked 
| 204|0x000000008cc00000, 0x000000008cd00000, 0x000000008cd00000|100%| O|  |TAMS 0x000000008cc00000| PB 0x000000008cc00000| Untracked 
| 205|0x000000008cd00000, 0x000000008ce00000, 0x000000008ce00000|100%| O|  |TAMS 0x000000008cd00000| PB 0x000000008cd00000| Untracked 
| 206|0x000000008ce00000, 0x000000008cf00000, 0x000000008cf00000|100%| O|  |TAMS 0x000000008ce00000| PB 0x000000008ce00000| Untracked 
| 207|0x000000008cf00000, 0x000000008d000000, 0x000000008d000000|100%| O|  |TAMS 0x000000008cf00000| PB 0x000000008cf00000| Untracked 
| 208|0x000000008d000000, 0x000000008d100000, 0x000000008d100000|100%| O|  |TAMS 0x000000008d000000| PB 0x000000008d000000| Untracked 
| 209|0x000000008d100000, 0x000000008d200000, 0x000000008d200000|100%| O|  |TAMS 0x000000008d100000| PB 0x000000008d100000| Untracked 
| 210|0x000000008d200000, 0x000000008d300000, 0x000000008d300000|100%| O|  |TAMS 0x000000008d200000| PB 0x000000008d200000| Untracked 
| 211|0x000000008d300000, 0x000000008d400000, 0x000000008d400000|100%| O|  |TAMS 0x000000008d300000| PB 0x000000008d300000| Untracked 
| 212|0x000000008d400000, 0x000000008d500000, 0x000000008d500000|100%| O|  |TAMS 0x000000008d400000| PB 0x000000008d400000| Untracked 
| 213|0x000000008d500000, 0x000000008d600000, 0x000000008d600000|100%| O|  |TAMS 0x000000008d500000| PB 0x000000008d500000| Untracked 
| 214|0x000000008d600000, 0x000000008d700000, 0x000000008d700000|100%| O|  |TAMS 0x000000008d600000| PB 0x000000008d600000| Untracked 
| 215|0x000000008d700000, 0x000000008d800000, 0x000000008d800000|100%| O|  |TAMS 0x000000008d700000| PB 0x000000008d700000| Untracked 
| 216|0x000000008d800000, 0x000000008d900000, 0x000000008d900000|100%| O|  |TAMS 0x000000008d800000| PB 0x000000008d800000| Untracked 
| 217|0x000000008d900000, 0x000000008da00000, 0x000000008da00000|100%| O|  |TAMS 0x000000008d900000| PB 0x000000008d900000| Untracked 
| 218|0x000000008da00000, 0x000000008db00000, 0x000000008db00000|100%| O|  |TAMS 0x000000008da00000| PB 0x000000008da00000| Untracked 
| 219|0x000000008db00000, 0x000000008dc00000, 0x000000008dc00000|100%| O|  |TAMS 0x000000008db00000| PB 0x000000008db00000| Untracked 
| 220|0x000000008dc00000, 0x000000008dd00000, 0x000000008dd00000|100%| O|  |TAMS 0x000000008dc00000| PB 0x000000008dc00000| Untracked 
| 221|0x000000008dd00000, 0x000000008de00000, 0x000000008de00000|100%| O|  |TAMS 0x000000008dd00000| PB 0x000000008dd00000| Untracked 
| 222|0x000000008de00000, 0x000000008df00000, 0x000000008df00000|100%| O|  |TAMS 0x000000008de00000| PB 0x000000008de00000| Untracked 
| 223|0x000000008df00000, 0x000000008e000000, 0x000000008e000000|100%| O|  |TAMS 0x000000008df00000| PB 0x000000008df00000| Untracked 
| 224|0x000000008e000000, 0x000000008e100000, 0x000000008e100000|100%| O|  |TAMS 0x000000008e000000| PB 0x000000008e000000| Untracked 
| 225|0x000000008e100000, 0x000000008e200000, 0x000000008e200000|100%| O|  |TAMS 0x000000008e100000| PB 0x000000008e100000| Untracked 
| 226|0x000000008e200000, 0x000000008e300000, 0x000000008e300000|100%| O|  |TAMS 0x000000008e200000| PB 0x000000008e200000| Untracked 
| 227|0x000000008e300000, 0x000000008e400000, 0x000000008e400000|100%| O|  |TAMS 0x000000008e300000| PB 0x000000008e300000| Untracked 
| 228|0x000000008e400000, 0x000000008e500000, 0x000000008e500000|100%| O|  |TAMS 0x000000008e400000| PB 0x000000008e400000| Untracked 
| 229|0x000000008e500000, 0x000000008e600000, 0x000000008e600000|100%| O|  |TAMS 0x000000008e500000| PB 0x000000008e500000| Untracked 
| 230|0x000000008e600000, 0x000000008e700000, 0x000000008e700000|100%| O|  |TAMS 0x000000008e600000| PB 0x000000008e600000| Untracked 
| 231|0x000000008e700000, 0x000000008e800000, 0x000000008e800000|100%| O|  |TAMS 0x000000008e700000| PB 0x000000008e700000| Untracked 
| 232|0x000000008e800000, 0x000000008e900000, 0x000000008e900000|100%| O|  |TAMS 0x000000008e800000| PB 0x000000008e800000| Untracked 
| 233|0x000000008e900000, 0x000000008ea00000, 0x000000008ea00000|100%| O|  |TAMS 0x000000008e900000| PB 0x000000008e900000| Untracked 
| 234|0x000000008ea00000, 0x000000008eb00000, 0x000000008eb00000|100%| O|  |TAMS 0x000000008ea00000| PB 0x000000008ea00000| Untracked 
| 235|0x000000008eb00000, 0x000000008ec00000, 0x000000008ec00000|100%| O|  |TAMS 0x000000008eb00000| PB 0x000000008eb00000| Untracked 
| 236|0x000000008ec00000, 0x000000008ed00000, 0x000000008ed00000|100%| O|  |TAMS 0x000000008ec00000| PB 0x000000008ec00000| Untracked 
| 237|0x000000008ed00000, 0x000000008ee00000, 0x000000008ee00000|100%| O|  |TAMS 0x000000008ed00000| PB 0x000000008ed00000| Untracked 
| 238|0x000000008ee00000, 0x000000008ee00000, 0x000000008ef00000|  0%| F|  |TAMS 0x000000008ee00000| PB 0x000000008ee00000| Untracked 
| 239|0x000000008ef00000, 0x000000008f000000, 0x000000008f000000|100%| O|  |TAMS 0x000000008ef00000| PB 0x000000008ef00000| Untracked 
| 240|0x000000008f000000, 0x000000008f100000, 0x000000008f100000|100%| O|  |TAMS 0x000000008f000000| PB 0x000000008f000000| Untracked 
| 241|0x000000008f100000, 0x000000008f200000, 0x000000008f200000|100%| O|  |TAMS 0x000000008f100000| PB 0x000000008f100000| Untracked 
| 242|0x000000008f200000, 0x000000008f300000, 0x000000008f300000|100%| O|  |TAMS 0x000000008f200000| PB 0x000000008f200000| Untracked 
| 243|0x000000008f300000, 0x000000008f400000, 0x000000008f400000|100%| O|  |TAMS 0x000000008f300000| PB 0x000000008f300000| Untracked 
| 244|0x000000008f400000, 0x000000008f500000, 0x000000008f500000|100%| O|  |TAMS 0x000000008f400000| PB 0x000000008f400000| Untracked 
| 245|0x000000008f500000, 0x000000008f600000, 0x000000008f600000|100%| O|  |TAMS 0x000000008f500000| PB 0x000000008f500000| Untracked 
| 246|0x000000008f600000, 0x000000008f700000, 0x000000008f700000|100%| O|  |TAMS 0x000000008f600000| PB 0x000000008f600000| Untracked 
| 247|0x000000008f700000, 0x000000008f800000, 0x000000008f800000|100%| O|  |TAMS 0x000000008f700000| PB 0x000000008f700000| Untracked 
| 248|0x000000008f800000, 0x000000008f900000, 0x000000008f900000|100%| O|  |TAMS 0x000000008f800000| PB 0x000000008f800000| Untracked 
| 249|0x000000008f900000, 0x000000008fa00000, 0x000000008fa00000|100%| O|  |TAMS 0x000000008f900000| PB 0x000000008f900000| Untracked 
| 250|0x000000008fa00000, 0x000000008fb00000, 0x000000008fb00000|100%| O|  |TAMS 0x000000008fa00000| PB 0x000000008fa00000| Untracked 
| 251|0x000000008fb00000, 0x000000008fc00000, 0x000000008fc00000|100%| O|  |TAMS 0x000000008fb00000| PB 0x000000008fb00000| Untracked 
| 252|0x000000008fc00000, 0x000000008fd00000, 0x000000008fd00000|100%| O|  |TAMS 0x000000008fc00000| PB 0x000000008fc00000| Untracked 
| 253|0x000000008fd00000, 0x000000008fe00000, 0x000000008fe00000|100%| O|  |TAMS 0x000000008fd00000| PB 0x000000008fd00000| Untracked 
| 254|0x000000008fe00000, 0x000000008ff00000, 0x000000008ff00000|100%| O|  |TAMS 0x000000008fe00000| PB 0x000000008fe00000| Untracked 
| 255|0x000000008ff00000, 0x0000000090000000, 0x0000000090000000|100%| O|  |TAMS 0x000000008ff00000| PB 0x000000008ff00000| Untracked 
| 256|0x0000000090000000, 0x0000000090100000, 0x0000000090100000|100%| O|  |TAMS 0x0000000090000000| PB 0x0000000090000000| Untracked 
| 257|0x0000000090100000, 0x0000000090200000, 0x0000000090200000|100%| O|  |TAMS 0x0000000090100000| PB 0x0000000090100000| Untracked 
| 258|0x0000000090200000, 0x0000000090300000, 0x0000000090300000|100%|HS|  |TAMS 0x0000000090200000| PB 0x0000000090200000| Complete 
| 259|0x0000000090300000, 0x0000000090400000, 0x0000000090400000|100%|HC|  |TAMS 0x0000000090300000| PB 0x0000000090300000| Complete 
| 260|0x0000000090400000, 0x0000000090500000, 0x0000000090500000|100%|HC|  |TAMS 0x0000000090400000| PB 0x0000000090400000| Complete 
| 261|0x0000000090500000, 0x0000000090600000, 0x0000000090600000|100%|HC|  |TAMS 0x0000000090500000| PB 0x0000000090500000| Complete 
| 262|0x0000000090600000, 0x0000000090700000, 0x0000000090700000|100%|HC|  |TAMS 0x0000000090600000| PB 0x0000000090600000| Complete 
| 263|0x0000000090700000, 0x0000000090800000, 0x0000000090800000|100%|HC|  |TAMS 0x0000000090700000| PB 0x0000000090700000| Complete 
| 264|0x0000000090800000, 0x0000000090900000, 0x0000000090900000|100%|HC|  |TAMS 0x0000000090800000| PB 0x0000000090800000| Complete 
| 265|0x0000000090900000, 0x0000000090a00000, 0x0000000090a00000|100%|HC|  |TAMS 0x0000000090900000| PB 0x0000000090900000| Complete 
| 266|0x0000000090a00000, 0x0000000090b00000, 0x0000000090b00000|100%| O|  |TAMS 0x0000000090a00000| PB 0x0000000090a00000| Untracked 
| 267|0x0000000090b00000, 0x0000000090c00000, 0x0000000090c00000|100%| O|  |TAMS 0x0000000090b00000| PB 0x0000000090b00000| Untracked 
| 268|0x0000000090c00000, 0x0000000090d00000, 0x0000000090d00000|100%| O|  |TAMS 0x0000000090c00000| PB 0x0000000090c00000| Untracked 
| 269|0x0000000090d00000, 0x0000000090e00000, 0x0000000090e00000|100%| O|  |TAMS 0x0000000090d00000| PB 0x0000000090d00000| Untracked 
| 270|0x0000000090e00000, 0x0000000090f00000, 0x0000000090f00000|100%| O|  |TAMS 0x0000000090e00000| PB 0x0000000090e00000| Untracked 
| 271|0x0000000090f00000, 0x0000000091000000, 0x0000000091000000|100%| O|  |TAMS 0x0000000090f00000| PB 0x0000000090f00000| Untracked 
| 272|0x0000000091000000, 0x0000000091100000, 0x0000000091100000|100%| O|  |TAMS 0x0000000091000000| PB 0x0000000091000000| Untracked 
| 273|0x0000000091100000, 0x0000000091200000, 0x0000000091200000|100%| O|  |TAMS 0x0000000091100000| PB 0x0000000091100000| Untracked 
| 274|0x0000000091200000, 0x0000000091300000, 0x0000000091300000|100%| O|  |TAMS 0x0000000091200000| PB 0x0000000091200000| Untracked 
| 275|0x0000000091300000, 0x0000000091400000, 0x0000000091400000|100%| O|  |TAMS 0x0000000091300000| PB 0x0000000091300000| Untracked 
| 276|0x0000000091400000, 0x0000000091500000, 0x0000000091500000|100%| O|  |TAMS 0x0000000091400000| PB 0x0000000091400000| Untracked 
| 277|0x0000000091500000, 0x0000000091600000, 0x0000000091600000|100%| O|  |TAMS 0x0000000091500000| PB 0x0000000091500000| Untracked 
| 278|0x0000000091600000, 0x0000000091700000, 0x0000000091700000|100%| O|  |TAMS 0x0000000091600000| PB 0x0000000091600000| Untracked 
| 279|0x0000000091700000, 0x0000000091800000, 0x0000000091800000|100%|HS|  |TAMS 0x0000000091700000| PB 0x0000000091700000| Complete 
| 280|0x0000000091800000, 0x0000000091900000, 0x0000000091900000|100%|HC|  |TAMS 0x0000000091800000| PB 0x0000000091800000| Complete 
| 281|0x0000000091900000, 0x0000000091a00000, 0x0000000091a00000|100%| O|  |TAMS 0x0000000091900000| PB 0x0000000091900000| Untracked 
| 282|0x0000000091a00000, 0x0000000091b00000, 0x0000000091b00000|100%| O|  |TAMS 0x0000000091a00000| PB 0x0000000091a00000| Untracked 
| 283|0x0000000091b00000, 0x0000000091c00000, 0x0000000091c00000|100%| O|  |TAMS 0x0000000091b00000| PB 0x0000000091b00000| Untracked 
| 284|0x0000000091c00000, 0x0000000091d00000, 0x0000000091d00000|100%| O|  |TAMS 0x0000000091c00000| PB 0x0000000091c00000| Untracked 
| 285|0x0000000091d00000, 0x0000000091e00000, 0x0000000091e00000|100%| O|  |TAMS 0x0000000091d00000| PB 0x0000000091d00000| Untracked 
| 286|0x0000000091e00000, 0x0000000091f00000, 0x0000000091f00000|100%| O|  |TAMS 0x0000000091e00000| PB 0x0000000091e00000| Untracked 
| 287|0x0000000091f00000, 0x0000000092000000, 0x0000000092000000|100%| O|  |TAMS 0x0000000091f00000| PB 0x0000000091f00000| Untracked 
| 288|0x0000000092000000, 0x0000000092100000, 0x0000000092100000|100%| O|  |TAMS 0x0000000092000000| PB 0x0000000092000000| Untracked 
| 289|0x0000000092100000, 0x0000000092200000, 0x0000000092200000|100%|HS|  |TAMS 0x0000000092100000| PB 0x0000000092100000| Complete 
| 290|0x0000000092200000, 0x0000000092300000, 0x0000000092300000|100%|HC|  |TAMS 0x0000000092200000| PB 0x0000000092200000| Complete 
| 291|0x0000000092300000, 0x0000000092400000, 0x0000000092400000|100%|HS|  |TAMS 0x0000000092300000| PB 0x0000000092300000| Complete 
| 292|0x0000000092400000, 0x0000000092500000, 0x0000000092500000|100%|HC|  |TAMS 0x0000000092400000| PB 0x0000000092400000| Complete 
| 293|0x0000000092500000, 0x0000000092500000, 0x0000000092600000|  0%| F|  |TAMS 0x0000000092500000| PB 0x0000000092500000| Untracked 
| 294|0x0000000092600000, 0x0000000092600000, 0x0000000092700000|  0%| F|  |TAMS 0x0000000092600000| PB 0x0000000092600000| Untracked 
| 295|0x0000000092700000, 0x0000000092700000, 0x0000000092800000|  0%| F|  |TAMS 0x0000000092700000| PB 0x0000000092700000| Untracked 
| 296|0x0000000092800000, 0x0000000092800000, 0x0000000092900000|  0%| F|  |TAMS 0x0000000092800000| PB 0x0000000092800000| Untracked 
| 297|0x0000000092900000, 0x0000000092900000, 0x0000000092a00000|  0%| F|  |TAMS 0x0000000092900000| PB 0x0000000092900000| Untracked 
| 298|0x0000000092a00000, 0x0000000092a00000, 0x0000000092b00000|  0%| F|  |TAMS 0x0000000092a00000| PB 0x0000000092a00000| Untracked 
| 299|0x0000000092b00000, 0x0000000092b00000, 0x0000000092c00000|  0%| F|  |TAMS 0x0000000092b00000| PB 0x0000000092b00000| Untracked 
| 300|0x0000000092c00000, 0x0000000092c00000, 0x0000000092d00000|  0%| F|  |TAMS 0x0000000092c00000| PB 0x0000000092c00000| Untracked 
| 301|0x0000000092d00000, 0x0000000092d00000, 0x0000000092e00000|  0%| F|  |TAMS 0x0000000092d00000| PB 0x0000000092d00000| Untracked 
| 302|0x0000000092e00000, 0x0000000092e00000, 0x0000000092f00000|  0%| F|  |TAMS 0x0000000092e00000| PB 0x0000000092e00000| Untracked 
| 303|0x0000000092f00000, 0x0000000092f00000, 0x0000000093000000|  0%| F|  |TAMS 0x0000000092f00000| PB 0x0000000092f00000| Untracked 
| 304|0x0000000093000000, 0x0000000093000000, 0x0000000093100000|  0%| F|  |TAMS 0x0000000093000000| PB 0x0000000093000000| Untracked 
| 305|0x0000000093100000, 0x0000000093100000, 0x0000000093200000|  0%| F|  |TAMS 0x0000000093100000| PB 0x0000000093100000| Untracked 
| 306|0x0000000093200000, 0x0000000093200000, 0x0000000093300000|  0%| F|  |TAMS 0x0000000093200000| PB 0x0000000093200000| Untracked 
| 307|0x0000000093300000, 0x0000000093300000, 0x0000000093400000|  0%| F|  |TAMS 0x0000000093300000| PB 0x0000000093300000| Untracked 
| 308|0x0000000093400000, 0x0000000093400000, 0x0000000093500000|  0%| F|  |TAMS 0x0000000093400000| PB 0x0000000093400000| Untracked 
| 309|0x0000000093500000, 0x0000000093500000, 0x0000000093600000|  0%| F|  |TAMS 0x0000000093500000| PB 0x0000000093500000| Untracked 
| 310|0x0000000093600000, 0x0000000093600000, 0x0000000093700000|  0%| F|  |TAMS 0x0000000093600000| PB 0x0000000093600000| Untracked 
| 311|0x0000000093700000, 0x0000000093700000, 0x0000000093800000|  0%| F|  |TAMS 0x0000000093700000| PB 0x0000000093700000| Untracked 
| 312|0x0000000093800000, 0x0000000093800000, 0x0000000093900000|  0%| F|  |TAMS 0x0000000093800000| PB 0x0000000093800000| Untracked 
| 313|0x0000000093900000, 0x0000000093900000, 0x0000000093a00000|  0%| F|  |TAMS 0x0000000093900000| PB 0x0000000093900000| Untracked 
| 314|0x0000000093a00000, 0x0000000093a00000, 0x0000000093b00000|  0%| F|  |TAMS 0x0000000093a00000| PB 0x0000000093a00000| Untracked 
| 315|0x0000000093b00000, 0x0000000093b00000, 0x0000000093c00000|  0%| F|  |TAMS 0x0000000093b00000| PB 0x0000000093b00000| Untracked 
| 316|0x0000000093c00000, 0x0000000093c00000, 0x0000000093d00000|  0%| F|  |TAMS 0x0000000093c00000| PB 0x0000000093c00000| Untracked 
| 317|0x0000000093d00000, 0x0000000093d00000, 0x0000000093e00000|  0%| F|  |TAMS 0x0000000093d00000| PB 0x0000000093d00000| Untracked 
| 318|0x0000000093e00000, 0x0000000093e00000, 0x0000000093f00000|  0%| F|  |TAMS 0x0000000093e00000| PB 0x0000000093e00000| Untracked 
| 319|0x0000000093f00000, 0x0000000093f00000, 0x0000000094000000|  0%| F|  |TAMS 0x0000000093f00000| PB 0x0000000093f00000| Untracked 
| 320|0x0000000094000000, 0x0000000094000000, 0x0000000094100000|  0%| F|  |TAMS 0x0000000094000000| PB 0x0000000094000000| Untracked 
| 321|0x0000000094100000, 0x0000000094100000, 0x0000000094200000|  0%| F|  |TAMS 0x0000000094100000| PB 0x0000000094100000| Untracked 
| 322|0x0000000094200000, 0x0000000094200000, 0x0000000094300000|  0%| F|  |TAMS 0x0000000094200000| PB 0x0000000094200000| Untracked 
| 323|0x0000000094300000, 0x0000000094300000, 0x0000000094400000|  0%| F|  |TAMS 0x0000000094300000| PB 0x0000000094300000| Untracked 
| 324|0x0000000094400000, 0x0000000094400000, 0x0000000094500000|  0%| F|  |TAMS 0x0000000094400000| PB 0x0000000094400000| Untracked 
| 325|0x0000000094500000, 0x0000000094500000, 0x0000000094600000|  0%| F|  |TAMS 0x0000000094500000| PB 0x0000000094500000| Untracked 
| 326|0x0000000094600000, 0x0000000094600000, 0x0000000094700000|  0%| F|  |TAMS 0x0000000094600000| PB 0x0000000094600000| Untracked 
| 327|0x0000000094700000, 0x0000000094700000, 0x0000000094800000|  0%| F|  |TAMS 0x0000000094700000| PB 0x0000000094700000| Untracked 
| 328|0x0000000094800000, 0x0000000094800000, 0x0000000094900000|  0%| F|  |TAMS 0x0000000094800000| PB 0x0000000094800000| Untracked 
| 329|0x0000000094900000, 0x0000000094900000, 0x0000000094a00000|  0%| F|  |TAMS 0x0000000094900000| PB 0x0000000094900000| Untracked 
| 330|0x0000000094a00000, 0x0000000094a00000, 0x0000000094b00000|  0%| F|  |TAMS 0x0000000094a00000| PB 0x0000000094a00000| Untracked 
| 331|0x0000000094b00000, 0x0000000094b00000, 0x0000000094c00000|  0%| F|  |TAMS 0x0000000094b00000| PB 0x0000000094b00000| Untracked 
| 332|0x0000000094c00000, 0x0000000094c00000, 0x0000000094d00000|  0%| F|  |TAMS 0x0000000094c00000| PB 0x0000000094c00000| Untracked 
| 333|0x0000000094d00000, 0x0000000094d00000, 0x0000000094e00000|  0%| F|  |TAMS 0x0000000094d00000| PB 0x0000000094d00000| Untracked 
| 334|0x0000000094e00000, 0x0000000094e00000, 0x0000000094f00000|  0%| F|  |TAMS 0x0000000094e00000| PB 0x0000000094e00000| Untracked 
| 335|0x0000000094f00000, 0x0000000094f00000, 0x0000000095000000|  0%| F|  |TAMS 0x0000000094f00000| PB 0x0000000094f00000| Untracked 
| 336|0x0000000095000000, 0x0000000095000000, 0x0000000095100000|  0%| F|  |TAMS 0x0000000095000000| PB 0x0000000095000000| Untracked 
| 337|0x0000000095100000, 0x0000000095100000, 0x0000000095200000|  0%| F|  |TAMS 0x0000000095100000| PB 0x0000000095100000| Untracked 
| 338|0x0000000095200000, 0x0000000095200000, 0x0000000095300000|  0%| F|  |TAMS 0x0000000095200000| PB 0x0000000095200000| Untracked 
| 339|0x0000000095300000, 0x0000000095300000, 0x0000000095400000|  0%| F|  |TAMS 0x0000000095300000| PB 0x0000000095300000| Untracked 
| 340|0x0000000095400000, 0x0000000095400000, 0x0000000095500000|  0%| F|  |TAMS 0x0000000095400000| PB 0x0000000095400000| Untracked 
| 341|0x0000000095500000, 0x0000000095500000, 0x0000000095600000|  0%| F|  |TAMS 0x0000000095500000| PB 0x0000000095500000| Untracked 
| 342|0x0000000095600000, 0x0000000095600000, 0x0000000095700000|  0%| F|  |TAMS 0x0000000095600000| PB 0x0000000095600000| Untracked 
| 343|0x0000000095700000, 0x0000000095700000, 0x0000000095800000|  0%| F|  |TAMS 0x0000000095700000| PB 0x0000000095700000| Untracked 
| 344|0x0000000095800000, 0x0000000095800000, 0x0000000095900000|  0%| F|  |TAMS 0x0000000095800000| PB 0x0000000095800000| Untracked 
| 345|0x0000000095900000, 0x0000000095900000, 0x0000000095a00000|  0%| F|  |TAMS 0x0000000095900000| PB 0x0000000095900000| Untracked 
| 346|0x0000000095a00000, 0x0000000095a00000, 0x0000000095b00000|  0%| F|  |TAMS 0x0000000095a00000| PB 0x0000000095a00000| Untracked 
| 347|0x0000000095b00000, 0x0000000095b00000, 0x0000000095c00000|  0%| F|  |TAMS 0x0000000095b00000| PB 0x0000000095b00000| Untracked 
| 348|0x0000000095c00000, 0x0000000095c00000, 0x0000000095d00000|  0%| F|  |TAMS 0x0000000095c00000| PB 0x0000000095c00000| Untracked 
| 349|0x0000000095d00000, 0x0000000095d00000, 0x0000000095e00000|  0%| F|  |TAMS 0x0000000095d00000| PB 0x0000000095d00000| Untracked 
| 350|0x0000000095e00000, 0x0000000095e00000, 0x0000000095f00000|  0%| F|  |TAMS 0x0000000095e00000| PB 0x0000000095e00000| Untracked 
| 351|0x0000000095f00000, 0x0000000095f00000, 0x0000000096000000|  0%| F|  |TAMS 0x0000000095f00000| PB 0x0000000095f00000| Untracked 
| 352|0x0000000096000000, 0x0000000096000000, 0x0000000096100000|  0%| F|  |TAMS 0x0000000096000000| PB 0x0000000096000000| Untracked 
| 353|0x0000000096100000, 0x0000000096100000, 0x0000000096200000|  0%| F|  |TAMS 0x0000000096100000| PB 0x0000000096100000| Untracked 
| 354|0x0000000096200000, 0x0000000096200000, 0x0000000096300000|  0%| F|  |TAMS 0x0000000096200000| PB 0x0000000096200000| Untracked 
| 355|0x0000000096300000, 0x0000000096300000, 0x0000000096400000|  0%| F|  |TAMS 0x0000000096300000| PB 0x0000000096300000| Untracked 
| 356|0x0000000096400000, 0x0000000096400000, 0x0000000096500000|  0%| F|  |TAMS 0x0000000096400000| PB 0x0000000096400000| Untracked 
| 357|0x0000000096500000, 0x0000000096500000, 0x0000000096600000|  0%| F|  |TAMS 0x0000000096500000| PB 0x0000000096500000| Untracked 
| 358|0x0000000096600000, 0x0000000096600000, 0x0000000096700000|  0%| F|  |TAMS 0x0000000096600000| PB 0x0000000096600000| Untracked 
| 359|0x0000000096700000, 0x0000000096700000, 0x0000000096800000|  0%| F|  |TAMS 0x0000000096700000| PB 0x0000000096700000| Untracked 
| 360|0x0000000096800000, 0x0000000096800000, 0x0000000096900000|  0%| F|  |TAMS 0x0000000096800000| PB 0x0000000096800000| Untracked 
| 361|0x0000000096900000, 0x0000000096900000, 0x0000000096a00000|  0%| F|  |TAMS 0x0000000096900000| PB 0x0000000096900000| Untracked 
| 362|0x0000000096a00000, 0x0000000096a00000, 0x0000000096b00000|  0%| F|  |TAMS 0x0000000096a00000| PB 0x0000000096a00000| Untracked 
| 363|0x0000000096b00000, 0x0000000096b00000, 0x0000000096c00000|  0%| F|  |TAMS 0x0000000096b00000| PB 0x0000000096b00000| Untracked 
| 364|0x0000000096c00000, 0x0000000096c00000, 0x0000000096d00000|  0%| F|  |TAMS 0x0000000096c00000| PB 0x0000000096c00000| Untracked 
| 365|0x0000000096d00000, 0x0000000096d00000, 0x0000000096e00000|  0%| F|  |TAMS 0x0000000096d00000| PB 0x0000000096d00000| Untracked 
| 366|0x0000000096e00000, 0x0000000096e00000, 0x0000000096f00000|  0%| F|  |TAMS 0x0000000096e00000| PB 0x0000000096e00000| Untracked 
| 367|0x0000000096f00000, 0x0000000096f00000, 0x0000000097000000|  0%| F|  |TAMS 0x0000000096f00000| PB 0x0000000096f00000| Untracked 
| 368|0x0000000097000000, 0x0000000097000000, 0x0000000097100000|  0%| F|  |TAMS 0x0000000097000000| PB 0x0000000097000000| Untracked 
| 369|0x0000000097100000, 0x0000000097100000, 0x0000000097200000|  0%| F|  |TAMS 0x0000000097100000| PB 0x0000000097100000| Untracked 
| 370|0x0000000097200000, 0x0000000097200000, 0x0000000097300000|  0%| F|  |TAMS 0x0000000097200000| PB 0x0000000097200000| Untracked 
| 371|0x0000000097300000, 0x0000000097300000, 0x0000000097400000|  0%| F|  |TAMS 0x0000000097300000| PB 0x0000000097300000| Untracked 
| 372|0x0000000097400000, 0x0000000097400000, 0x0000000097500000|  0%| F|  |TAMS 0x0000000097400000| PB 0x0000000097400000| Untracked 
| 373|0x0000000097500000, 0x0000000097500000, 0x0000000097600000|  0%| F|  |TAMS 0x0000000097500000| PB 0x0000000097500000| Untracked 
| 374|0x0000000097600000, 0x0000000097600000, 0x0000000097700000|  0%| F|  |TAMS 0x0000000097600000| PB 0x0000000097600000| Untracked 
| 375|0x0000000097700000, 0x0000000097700000, 0x0000000097800000|  0%| F|  |TAMS 0x0000000097700000| PB 0x0000000097700000| Untracked 
| 376|0x0000000097800000, 0x0000000097800000, 0x0000000097900000|  0%| F|  |TAMS 0x0000000097800000| PB 0x0000000097800000| Untracked 
| 377|0x0000000097900000, 0x0000000097900000, 0x0000000097a00000|  0%| F|  |TAMS 0x0000000097900000| PB 0x0000000097900000| Untracked 
| 378|0x0000000097a00000, 0x0000000097a00000, 0x0000000097b00000|  0%| F|  |TAMS 0x0000000097a00000| PB 0x0000000097a00000| Untracked 
| 379|0x0000000097b00000, 0x0000000097b00000, 0x0000000097c00000|  0%| F|  |TAMS 0x0000000097b00000| PB 0x0000000097b00000| Untracked 
| 380|0x0000000097c00000, 0x0000000097c00000, 0x0000000097d00000|  0%| F|  |TAMS 0x0000000097c00000| PB 0x0000000097c00000| Untracked 
| 381|0x0000000097d00000, 0x0000000097d00000, 0x0000000097e00000|  0%| F|  |TAMS 0x0000000097d00000| PB 0x0000000097d00000| Untracked 
| 382|0x0000000097e00000, 0x0000000097e00000, 0x0000000097f00000|  0%| F|  |TAMS 0x0000000097e00000| PB 0x0000000097e00000| Untracked 
| 383|0x0000000097f00000, 0x0000000097f00000, 0x0000000098000000|  0%| F|  |TAMS 0x0000000097f00000| PB 0x0000000097f00000| Untracked 
| 384|0x0000000098000000, 0x0000000098000000, 0x0000000098100000|  0%| F|  |TAMS 0x0000000098000000| PB 0x0000000098000000| Untracked 
| 385|0x0000000098100000, 0x0000000098100000, 0x0000000098200000|  0%| F|  |TAMS 0x0000000098100000| PB 0x0000000098100000| Untracked 
| 386|0x0000000098200000, 0x0000000098200000, 0x0000000098300000|  0%| F|  |TAMS 0x0000000098200000| PB 0x0000000098200000| Untracked 
| 387|0x0000000098300000, 0x0000000098300000, 0x0000000098400000|  0%| F|  |TAMS 0x0000000098300000| PB 0x0000000098300000| Untracked 
| 388|0x0000000098400000, 0x0000000098400000, 0x0000000098500000|  0%| F|  |TAMS 0x0000000098400000| PB 0x0000000098400000| Untracked 
| 389|0x0000000098500000, 0x0000000098500000, 0x0000000098600000|  0%| F|  |TAMS 0x0000000098500000| PB 0x0000000098500000| Untracked 
| 390|0x0000000098600000, 0x0000000098600000, 0x0000000098700000|  0%| F|  |TAMS 0x0000000098600000| PB 0x0000000098600000| Untracked 
| 391|0x0000000098700000, 0x0000000098700000, 0x0000000098800000|  0%| F|  |TAMS 0x0000000098700000| PB 0x0000000098700000| Untracked 
| 392|0x0000000098800000, 0x0000000098800000, 0x0000000098900000|  0%| F|  |TAMS 0x0000000098800000| PB 0x0000000098800000| Untracked 
| 393|0x0000000098900000, 0x0000000098900000, 0x0000000098a00000|  0%| F|  |TAMS 0x0000000098900000| PB 0x0000000098900000| Untracked 
| 394|0x0000000098a00000, 0x0000000098a00000, 0x0000000098b00000|  0%| F|  |TAMS 0x0000000098a00000| PB 0x0000000098a00000| Untracked 
| 395|0x0000000098b00000, 0x0000000098b00000, 0x0000000098c00000|  0%| F|  |TAMS 0x0000000098b00000| PB 0x0000000098b00000| Untracked 
| 396|0x0000000098c00000, 0x0000000098c00000, 0x0000000098d00000|  0%| F|  |TAMS 0x0000000098c00000| PB 0x0000000098c00000| Untracked 
| 397|0x0000000098d00000, 0x0000000098d00000, 0x0000000098e00000|  0%| F|  |TAMS 0x0000000098d00000| PB 0x0000000098d00000| Untracked 
| 398|0x0000000098e00000, 0x0000000098e00000, 0x0000000098f00000|  0%| F|  |TAMS 0x0000000098e00000| PB 0x0000000098e00000| Untracked 
| 399|0x0000000098f00000, 0x0000000098f00000, 0x0000000099000000|  0%| F|  |TAMS 0x0000000098f00000| PB 0x0000000098f00000| Untracked 
| 400|0x0000000099000000, 0x0000000099000000, 0x0000000099100000|  0%| F|  |TAMS 0x0000000099000000| PB 0x0000000099000000| Untracked 
| 401|0x0000000099100000, 0x0000000099100000, 0x0000000099200000|  0%| F|  |TAMS 0x0000000099100000| PB 0x0000000099100000| Untracked 
| 402|0x0000000099200000, 0x0000000099200000, 0x0000000099300000|  0%| F|  |TAMS 0x0000000099200000| PB 0x0000000099200000| Untracked 
| 403|0x0000000099300000, 0x0000000099300000, 0x0000000099400000|  0%| F|  |TAMS 0x0000000099300000| PB 0x0000000099300000| Untracked 
| 404|0x0000000099400000, 0x0000000099400000, 0x0000000099500000|  0%| F|  |TAMS 0x0000000099400000| PB 0x0000000099400000| Untracked 
| 405|0x0000000099500000, 0x0000000099500000, 0x0000000099600000|  0%| F|  |TAMS 0x0000000099500000| PB 0x0000000099500000| Untracked 
| 406|0x0000000099600000, 0x0000000099600000, 0x0000000099700000|  0%| F|  |TAMS 0x0000000099600000| PB 0x0000000099600000| Untracked 
| 407|0x0000000099700000, 0x0000000099700000, 0x0000000099800000|  0%| F|  |TAMS 0x0000000099700000| PB 0x0000000099700000| Untracked 
| 408|0x0000000099800000, 0x0000000099800000, 0x0000000099900000|  0%| F|  |TAMS 0x0000000099800000| PB 0x0000000099800000| Untracked 
| 409|0x0000000099900000, 0x0000000099900000, 0x0000000099a00000|  0%| F|  |TAMS 0x0000000099900000| PB 0x0000000099900000| Untracked 
| 410|0x0000000099a00000, 0x0000000099a00000, 0x0000000099b00000|  0%| F|  |TAMS 0x0000000099a00000| PB 0x0000000099a00000| Untracked 
| 411|0x0000000099b00000, 0x0000000099b00000, 0x0000000099c00000|  0%| F|  |TAMS 0x0000000099b00000| PB 0x0000000099b00000| Untracked 
| 412|0x0000000099c00000, 0x0000000099c00000, 0x0000000099d00000|  0%| F|  |TAMS 0x0000000099c00000| PB 0x0000000099c00000| Untracked 
| 413|0x0000000099d00000, 0x0000000099d00000, 0x0000000099e00000|  0%| F|  |TAMS 0x0000000099d00000| PB 0x0000000099d00000| Untracked 
| 414|0x0000000099e00000, 0x0000000099e00000, 0x0000000099f00000|  0%| F|  |TAMS 0x0000000099e00000| PB 0x0000000099e00000| Untracked 
| 415|0x0000000099f00000, 0x0000000099f00000, 0x000000009a000000|  0%| F|  |TAMS 0x0000000099f00000| PB 0x0000000099f00000| Untracked 
| 416|0x000000009a000000, 0x000000009a000000, 0x000000009a100000|  0%| F|  |TAMS 0x000000009a000000| PB 0x000000009a000000| Untracked 
| 417|0x000000009a100000, 0x000000009a100000, 0x000000009a200000|  0%| F|  |TAMS 0x000000009a100000| PB 0x000000009a100000| Untracked 
| 418|0x000000009a200000, 0x000000009a200000, 0x000000009a300000|  0%| F|  |TAMS 0x000000009a200000| PB 0x000000009a200000| Untracked 
| 419|0x000000009a300000, 0x000000009a300000, 0x000000009a400000|  0%| F|  |TAMS 0x000000009a300000| PB 0x000000009a300000| Untracked 
| 420|0x000000009a400000, 0x000000009a400000, 0x000000009a500000|  0%| F|  |TAMS 0x000000009a400000| PB 0x000000009a400000| Untracked 
| 421|0x000000009a500000, 0x000000009a500000, 0x000000009a600000|  0%| F|  |TAMS 0x000000009a500000| PB 0x000000009a500000| Untracked 
| 422|0x000000009a600000, 0x000000009a600000, 0x000000009a700000|  0%| F|  |TAMS 0x000000009a600000| PB 0x000000009a600000| Untracked 
| 423|0x000000009a700000, 0x000000009a700000, 0x000000009a800000|  0%| F|  |TAMS 0x000000009a700000| PB 0x000000009a700000| Untracked 
| 424|0x000000009a800000, 0x000000009a800000, 0x000000009a900000|  0%| F|  |TAMS 0x000000009a800000| PB 0x000000009a800000| Untracked 
| 425|0x000000009a900000, 0x000000009a900000, 0x000000009aa00000|  0%| F|  |TAMS 0x000000009a900000| PB 0x000000009a900000| Untracked 
| 426|0x000000009aa00000, 0x000000009aa00000, 0x000000009ab00000|  0%| F|  |TAMS 0x000000009aa00000| PB 0x000000009aa00000| Untracked 
| 427|0x000000009ab00000, 0x000000009ab00000, 0x000000009ac00000|  0%| F|  |TAMS 0x000000009ab00000| PB 0x000000009ab00000| Untracked 
| 428|0x000000009ac00000, 0x000000009ac00000, 0x000000009ad00000|  0%| F|  |TAMS 0x000000009ac00000| PB 0x000000009ac00000| Untracked 
| 429|0x000000009ad00000, 0x000000009ad00000, 0x000000009ae00000|  0%| F|  |TAMS 0x000000009ad00000| PB 0x000000009ad00000| Untracked 
| 430|0x000000009ae00000, 0x000000009ae00000, 0x000000009af00000|  0%| F|  |TAMS 0x000000009ae00000| PB 0x000000009ae00000| Untracked 
| 431|0x000000009af00000, 0x000000009af00000, 0x000000009b000000|  0%| F|  |TAMS 0x000000009af00000| PB 0x000000009af00000| Untracked 
| 432|0x000000009b000000, 0x000000009b000000, 0x000000009b100000|  0%| F|  |TAMS 0x000000009b000000| PB 0x000000009b000000| Untracked 
| 433|0x000000009b100000, 0x000000009b100000, 0x000000009b200000|  0%| F|  |TAMS 0x000000009b100000| PB 0x000000009b100000| Untracked 
| 434|0x000000009b200000, 0x000000009b200000, 0x000000009b300000|  0%| F|  |TAMS 0x000000009b200000| PB 0x000000009b200000| Untracked 
| 435|0x000000009b300000, 0x000000009b300000, 0x000000009b400000|  0%| F|  |TAMS 0x000000009b300000| PB 0x000000009b300000| Untracked 
| 436|0x000000009b400000, 0x000000009b400000, 0x000000009b500000|  0%| F|  |TAMS 0x000000009b400000| PB 0x000000009b400000| Untracked 
| 437|0x000000009b500000, 0x000000009b500000, 0x000000009b600000|  0%| F|  |TAMS 0x000000009b500000| PB 0x000000009b500000| Untracked 
| 438|0x000000009b600000, 0x000000009b600000, 0x000000009b700000|  0%| F|  |TAMS 0x000000009b600000| PB 0x000000009b600000| Untracked 
| 439|0x000000009b700000, 0x000000009b700000, 0x000000009b800000|  0%| F|  |TAMS 0x000000009b700000| PB 0x000000009b700000| Untracked 
| 440|0x000000009b800000, 0x000000009b800000, 0x000000009b900000|  0%| F|  |TAMS 0x000000009b800000| PB 0x000000009b800000| Untracked 
| 441|0x000000009b900000, 0x000000009b900000, 0x000000009ba00000|  0%| F|  |TAMS 0x000000009b900000| PB 0x000000009b900000| Untracked 
| 442|0x000000009ba00000, 0x000000009ba00000, 0x000000009bb00000|  0%| F|  |TAMS 0x000000009ba00000| PB 0x000000009ba00000| Untracked 
| 443|0x000000009bb00000, 0x000000009bb00000, 0x000000009bc00000|  0%| F|  |TAMS 0x000000009bb00000| PB 0x000000009bb00000| Untracked 
| 444|0x000000009bc00000, 0x000000009bc00000, 0x000000009bd00000|  0%| F|  |TAMS 0x000000009bc00000| PB 0x000000009bc00000| Untracked 
| 445|0x000000009bd00000, 0x000000009bd00000, 0x000000009be00000|  0%| F|  |TAMS 0x000000009bd00000| PB 0x000000009bd00000| Untracked 
| 446|0x000000009be00000, 0x000000009be00000, 0x000000009bf00000|  0%| F|  |TAMS 0x000000009be00000| PB 0x000000009be00000| Untracked 
| 447|0x000000009bf00000, 0x000000009bf00000, 0x000000009c000000|  0%| F|  |TAMS 0x000000009bf00000| PB 0x000000009bf00000| Untracked 
| 448|0x000000009c000000, 0x000000009c000000, 0x000000009c100000|  0%| F|  |TAMS 0x000000009c000000| PB 0x000000009c000000| Untracked 
| 449|0x000000009c100000, 0x000000009c100000, 0x000000009c200000|  0%| F|  |TAMS 0x000000009c100000| PB 0x000000009c100000| Untracked 
| 450|0x000000009c200000, 0x000000009c200000, 0x000000009c300000|  0%| F|  |TAMS 0x000000009c200000| PB 0x000000009c200000| Untracked 
| 451|0x000000009c300000, 0x000000009c300000, 0x000000009c400000|  0%| F|  |TAMS 0x000000009c300000| PB 0x000000009c300000| Untracked 
| 452|0x000000009c400000, 0x000000009c400000, 0x000000009c500000|  0%| F|  |TAMS 0x000000009c400000| PB 0x000000009c400000| Untracked 
| 453|0x000000009c500000, 0x000000009c500000, 0x000000009c600000|  0%| F|  |TAMS 0x000000009c500000| PB 0x000000009c500000| Untracked 
| 454|0x000000009c600000, 0x000000009c600000, 0x000000009c700000|  0%| F|  |TAMS 0x000000009c600000| PB 0x000000009c600000| Untracked 
| 455|0x000000009c700000, 0x000000009c700000, 0x000000009c800000|  0%| F|  |TAMS 0x000000009c700000| PB 0x000000009c700000| Untracked 
| 456|0x000000009c800000, 0x000000009c800000, 0x000000009c900000|  0%| F|  |TAMS 0x000000009c800000| PB 0x000000009c800000| Untracked 
| 457|0x000000009c900000, 0x000000009c900000, 0x000000009ca00000|  0%| F|  |TAMS 0x000000009c900000| PB 0x000000009c900000| Untracked 
| 458|0x000000009ca00000, 0x000000009ca00000, 0x000000009cb00000|  0%| F|  |TAMS 0x000000009ca00000| PB 0x000000009ca00000| Untracked 
| 459|0x000000009cb00000, 0x000000009cb00000, 0x000000009cc00000|  0%| F|  |TAMS 0x000000009cb00000| PB 0x000000009cb00000| Untracked 
| 460|0x000000009cc00000, 0x000000009cc00000, 0x000000009cd00000|  0%| F|  |TAMS 0x000000009cc00000| PB 0x000000009cc00000| Untracked 
| 461|0x000000009cd00000, 0x000000009cd00000, 0x000000009ce00000|  0%| F|  |TAMS 0x000000009cd00000| PB 0x000000009cd00000| Untracked 
| 462|0x000000009ce00000, 0x000000009ce00000, 0x000000009cf00000|  0%| F|  |TAMS 0x000000009ce00000| PB 0x000000009ce00000| Untracked 
| 463|0x000000009cf00000, 0x000000009cf00000, 0x000000009d000000|  0%| F|  |TAMS 0x000000009cf00000| PB 0x000000009cf00000| Untracked 
| 464|0x000000009d000000, 0x000000009d000000, 0x000000009d100000|  0%| F|  |TAMS 0x000000009d000000| PB 0x000000009d000000| Untracked 
| 465|0x000000009d100000, 0x000000009d100000, 0x000000009d200000|  0%| F|  |TAMS 0x000000009d100000| PB 0x000000009d100000| Untracked 
| 466|0x000000009d200000, 0x000000009d200000, 0x000000009d300000|  0%| F|  |TAMS 0x000000009d200000| PB 0x000000009d200000| Untracked 
| 467|0x000000009d300000, 0x000000009d300000, 0x000000009d400000|  0%| F|  |TAMS 0x000000009d300000| PB 0x000000009d300000| Untracked 
| 468|0x000000009d400000, 0x000000009d400000, 0x000000009d500000|  0%| F|  |TAMS 0x000000009d400000| PB 0x000000009d400000| Untracked 
| 469|0x000000009d500000, 0x000000009d500000, 0x000000009d600000|  0%| F|  |TAMS 0x000000009d500000| PB 0x000000009d500000| Untracked 
| 470|0x000000009d600000, 0x000000009d600000, 0x000000009d700000|  0%| F|  |TAMS 0x000000009d600000| PB 0x000000009d600000| Untracked 
| 471|0x000000009d700000, 0x000000009d700000, 0x000000009d800000|  0%| F|  |TAMS 0x000000009d700000| PB 0x000000009d700000| Untracked 
| 472|0x000000009d800000, 0x000000009d800000, 0x000000009d900000|  0%| F|  |TAMS 0x000000009d800000| PB 0x000000009d800000| Untracked 
| 473|0x000000009d900000, 0x000000009d900000, 0x000000009da00000|  0%| F|  |TAMS 0x000000009d900000| PB 0x000000009d900000| Untracked 
| 474|0x000000009da00000, 0x000000009da00000, 0x000000009db00000|  0%| F|  |TAMS 0x000000009da00000| PB 0x000000009da00000| Untracked 
| 475|0x000000009db00000, 0x000000009db00000, 0x000000009dc00000|  0%| F|  |TAMS 0x000000009db00000| PB 0x000000009db00000| Untracked 
| 476|0x000000009dc00000, 0x000000009dc00000, 0x000000009dd00000|  0%| F|  |TAMS 0x000000009dc00000| PB 0x000000009dc00000| Untracked 
| 477|0x000000009dd00000, 0x000000009dd00000, 0x000000009de00000|  0%| F|  |TAMS 0x000000009dd00000| PB 0x000000009dd00000| Untracked 
| 478|0x000000009de00000, 0x000000009de00000, 0x000000009df00000|  0%| F|  |TAMS 0x000000009de00000| PB 0x000000009de00000| Untracked 
| 479|0x000000009df00000, 0x000000009df00000, 0x000000009e000000|  0%| F|  |TAMS 0x000000009df00000| PB 0x000000009df00000| Untracked 
| 480|0x000000009e000000, 0x000000009e000000, 0x000000009e100000|  0%| F|  |TAMS 0x000000009e000000| PB 0x000000009e000000| Untracked 
| 481|0x000000009e100000, 0x000000009e100000, 0x000000009e200000|  0%| F|  |TAMS 0x000000009e100000| PB 0x000000009e100000| Untracked 
| 482|0x000000009e200000, 0x000000009e200000, 0x000000009e300000|  0%| F|  |TAMS 0x000000009e200000| PB 0x000000009e200000| Untracked 
| 483|0x000000009e300000, 0x000000009e300000, 0x000000009e400000|  0%| F|  |TAMS 0x000000009e300000| PB 0x000000009e300000| Untracked 
| 484|0x000000009e400000, 0x000000009e400000, 0x000000009e500000|  0%| F|  |TAMS 0x000000009e400000| PB 0x000000009e400000| Untracked 
| 485|0x000000009e500000, 0x000000009e500000, 0x000000009e600000|  0%| F|  |TAMS 0x000000009e500000| PB 0x000000009e500000| Untracked 
| 486|0x000000009e600000, 0x000000009e600000, 0x000000009e700000|  0%| F|  |TAMS 0x000000009e600000| PB 0x000000009e600000| Untracked 
| 487|0x000000009e700000, 0x000000009e700000, 0x000000009e800000|  0%| F|  |TAMS 0x000000009e700000| PB 0x000000009e700000| Untracked 
| 488|0x000000009e800000, 0x000000009e800000, 0x000000009e900000|  0%| F|  |TAMS 0x000000009e800000| PB 0x000000009e800000| Untracked 
| 489|0x000000009e900000, 0x000000009e900000, 0x000000009ea00000|  0%| F|  |TAMS 0x000000009e900000| PB 0x000000009e900000| Untracked 
| 490|0x000000009ea00000, 0x000000009ea00000, 0x000000009eb00000|  0%| F|  |TAMS 0x000000009ea00000| PB 0x000000009ea00000| Untracked 
| 491|0x000000009eb00000, 0x000000009eb00000, 0x000000009ec00000|  0%| F|  |TAMS 0x000000009eb00000| PB 0x000000009eb00000| Untracked 
| 492|0x000000009ec00000, 0x000000009ec00000, 0x000000009ed00000|  0%| F|  |TAMS 0x000000009ec00000| PB 0x000000009ec00000| Untracked 
| 493|0x000000009ed00000, 0x000000009ed00000, 0x000000009ee00000|  0%| F|  |TAMS 0x000000009ed00000| PB 0x000000009ed00000| Untracked 
| 494|0x000000009ee00000, 0x000000009ee00000, 0x000000009ef00000|  0%| F|  |TAMS 0x000000009ee00000| PB 0x000000009ee00000| Untracked 
| 495|0x000000009ef00000, 0x000000009ef00000, 0x000000009f000000|  0%| F|  |TAMS 0x000000009ef00000| PB 0x000000009ef00000| Untracked 
| 496|0x000000009f000000, 0x000000009f000000, 0x000000009f100000|  0%| F|  |TAMS 0x000000009f000000| PB 0x000000009f000000| Untracked 
| 497|0x000000009f100000, 0x000000009f100000, 0x000000009f200000|  0%| F|  |TAMS 0x000000009f100000| PB 0x000000009f100000| Untracked 
| 498|0x000000009f200000, 0x000000009f200000, 0x000000009f300000|  0%| F|  |TAMS 0x000000009f200000| PB 0x000000009f200000| Untracked 
| 499|0x000000009f300000, 0x000000009f300000, 0x000000009f400000|  0%| F|  |TAMS 0x000000009f300000| PB 0x000000009f300000| Untracked 
| 500|0x000000009f400000, 0x000000009f400000, 0x000000009f500000|  0%| F|  |TAMS 0x000000009f400000| PB 0x000000009f400000| Untracked 
| 501|0x000000009f500000, 0x000000009f500000, 0x000000009f600000|  0%| F|  |TAMS 0x000000009f500000| PB 0x000000009f500000| Untracked 
| 502|0x000000009f600000, 0x000000009f600000, 0x000000009f700000|  0%| F|  |TAMS 0x000000009f600000| PB 0x000000009f600000| Untracked 
| 503|0x000000009f700000, 0x000000009f700000, 0x000000009f800000|  0%| F|  |TAMS 0x000000009f700000| PB 0x000000009f700000| Untracked 
| 504|0x000000009f800000, 0x000000009f800000, 0x000000009f900000|  0%| F|  |TAMS 0x000000009f800000| PB 0x000000009f800000| Untracked 
| 505|0x000000009f900000, 0x000000009f900000, 0x000000009fa00000|  0%| F|  |TAMS 0x000000009f900000| PB 0x000000009f900000| Untracked 
| 506|0x000000009fa00000, 0x000000009fa00000, 0x000000009fb00000|  0%| F|  |TAMS 0x000000009fa00000| PB 0x000000009fa00000| Untracked 
| 507|0x000000009fb00000, 0x000000009fb00000, 0x000000009fc00000|  0%| F|  |TAMS 0x000000009fb00000| PB 0x000000009fb00000| Untracked 
| 508|0x000000009fc00000, 0x000000009fc00000, 0x000000009fd00000|  0%| F|  |TAMS 0x000000009fc00000| PB 0x000000009fc00000| Untracked 
| 509|0x000000009fd00000, 0x000000009fd00000, 0x000000009fe00000|  0%| F|  |TAMS 0x000000009fd00000| PB 0x000000009fd00000| Untracked 
| 510|0x000000009fe00000, 0x000000009fe00000, 0x000000009ff00000|  0%| F|  |TAMS 0x000000009fe00000| PB 0x000000009fe00000| Untracked 
| 511|0x000000009ff00000, 0x000000009ff00000, 0x00000000a0000000|  0%| F|  |TAMS 0x000000009ff00000| PB 0x000000009ff00000| Untracked 
| 512|0x00000000a0000000, 0x00000000a0000000, 0x00000000a0100000|  0%| F|  |TAMS 0x00000000a0000000| PB 0x00000000a0000000| Untracked 
| 513|0x00000000a0100000, 0x00000000a0100000, 0x00000000a0200000|  0%| F|  |TAMS 0x00000000a0100000| PB 0x00000000a0100000| Untracked 
| 514|0x00000000a0200000, 0x00000000a0200000, 0x00000000a0300000|  0%| F|  |TAMS 0x00000000a0200000| PB 0x00000000a0200000| Untracked 
| 515|0x00000000a0300000, 0x00000000a0300000, 0x00000000a0400000|  0%| F|  |TAMS 0x00000000a0300000| PB 0x00000000a0300000| Untracked 
| 516|0x00000000a0400000, 0x00000000a0400000, 0x00000000a0500000|  0%| F|  |TAMS 0x00000000a0400000| PB 0x00000000a0400000| Untracked 
| 517|0x00000000a0500000, 0x00000000a0500000, 0x00000000a0600000|  0%| F|  |TAMS 0x00000000a0500000| PB 0x00000000a0500000| Untracked 
| 518|0x00000000a0600000, 0x00000000a0600000, 0x00000000a0700000|  0%| F|  |TAMS 0x00000000a0600000| PB 0x00000000a0600000| Untracked 
| 519|0x00000000a0700000, 0x00000000a0700000, 0x00000000a0800000|  0%| F|  |TAMS 0x00000000a0700000| PB 0x00000000a0700000| Untracked 
| 520|0x00000000a0800000, 0x00000000a0800000, 0x00000000a0900000|  0%| F|  |TAMS 0x00000000a0800000| PB 0x00000000a0800000| Untracked 
| 521|0x00000000a0900000, 0x00000000a0900000, 0x00000000a0a00000|  0%| F|  |TAMS 0x00000000a0900000| PB 0x00000000a0900000| Untracked 
| 522|0x00000000a0a00000, 0x00000000a0a00000, 0x00000000a0b00000|  0%| F|  |TAMS 0x00000000a0a00000| PB 0x00000000a0a00000| Untracked 
| 523|0x00000000a0b00000, 0x00000000a0b00000, 0x00000000a0c00000|  0%| F|  |TAMS 0x00000000a0b00000| PB 0x00000000a0b00000| Untracked 
| 524|0x00000000a0c00000, 0x00000000a0c00000, 0x00000000a0d00000|  0%| F|  |TAMS 0x00000000a0c00000| PB 0x00000000a0c00000| Untracked 
| 525|0x00000000a0d00000, 0x00000000a0d00000, 0x00000000a0e00000|  0%| F|  |TAMS 0x00000000a0d00000| PB 0x00000000a0d00000| Untracked 
| 526|0x00000000a0e00000, 0x00000000a0e00000, 0x00000000a0f00000|  0%| F|  |TAMS 0x00000000a0e00000| PB 0x00000000a0e00000| Untracked 
| 527|0x00000000a0f00000, 0x00000000a0f00000, 0x00000000a1000000|  0%| F|  |TAMS 0x00000000a0f00000| PB 0x00000000a0f00000| Untracked 
| 528|0x00000000a1000000, 0x00000000a1000000, 0x00000000a1100000|  0%| F|  |TAMS 0x00000000a1000000| PB 0x00000000a1000000| Untracked 
| 529|0x00000000a1100000, 0x00000000a1100000, 0x00000000a1200000|  0%| F|  |TAMS 0x00000000a1100000| PB 0x00000000a1100000| Untracked 
| 530|0x00000000a1200000, 0x00000000a1200000, 0x00000000a1300000|  0%| F|  |TAMS 0x00000000a1200000| PB 0x00000000a1200000| Untracked 
| 531|0x00000000a1300000, 0x00000000a1300000, 0x00000000a1400000|  0%| F|  |TAMS 0x00000000a1300000| PB 0x00000000a1300000| Untracked 
| 532|0x00000000a1400000, 0x00000000a1400000, 0x00000000a1500000|  0%| F|  |TAMS 0x00000000a1400000| PB 0x00000000a1400000| Untracked 
| 533|0x00000000a1500000, 0x00000000a1500000, 0x00000000a1600000|  0%| F|  |TAMS 0x00000000a1500000| PB 0x00000000a1500000| Untracked 
| 534|0x00000000a1600000, 0x00000000a1600000, 0x00000000a1700000|  0%| F|  |TAMS 0x00000000a1600000| PB 0x00000000a1600000| Untracked 
| 535|0x00000000a1700000, 0x00000000a1700000, 0x00000000a1800000|  0%| F|  |TAMS 0x00000000a1700000| PB 0x00000000a1700000| Untracked 
| 536|0x00000000a1800000, 0x00000000a1800000, 0x00000000a1900000|  0%| F|  |TAMS 0x00000000a1800000| PB 0x00000000a1800000| Untracked 
| 537|0x00000000a1900000, 0x00000000a1900000, 0x00000000a1a00000|  0%| F|  |TAMS 0x00000000a1900000| PB 0x00000000a1900000| Untracked 
| 538|0x00000000a1a00000, 0x00000000a1a00000, 0x00000000a1b00000|  0%| F|  |TAMS 0x00000000a1a00000| PB 0x00000000a1a00000| Untracked 
| 539|0x00000000a1b00000, 0x00000000a1b00000, 0x00000000a1c00000|  0%| F|  |TAMS 0x00000000a1b00000| PB 0x00000000a1b00000| Untracked 
| 540|0x00000000a1c00000, 0x00000000a1c00000, 0x00000000a1d00000|  0%| F|  |TAMS 0x00000000a1c00000| PB 0x00000000a1c00000| Untracked 
| 541|0x00000000a1d00000, 0x00000000a1d00000, 0x00000000a1e00000|  0%| F|  |TAMS 0x00000000a1d00000| PB 0x00000000a1d00000| Untracked 
| 542|0x00000000a1e00000, 0x00000000a1e00000, 0x00000000a1f00000|  0%| F|  |TAMS 0x00000000a1e00000| PB 0x00000000a1e00000| Untracked 
| 543|0x00000000a1f00000, 0x00000000a1f00000, 0x00000000a2000000|  0%| F|  |TAMS 0x00000000a1f00000| PB 0x00000000a1f00000| Untracked 
| 544|0x00000000a2000000, 0x00000000a2000000, 0x00000000a2100000|  0%| F|  |TAMS 0x00000000a2000000| PB 0x00000000a2000000| Untracked 
| 545|0x00000000a2100000, 0x00000000a2100000, 0x00000000a2200000|  0%| F|  |TAMS 0x00000000a2100000| PB 0x00000000a2100000| Untracked 
| 546|0x00000000a2200000, 0x00000000a2200000, 0x00000000a2300000|  0%| F|  |TAMS 0x00000000a2200000| PB 0x00000000a2200000| Untracked 
| 547|0x00000000a2300000, 0x00000000a2300000, 0x00000000a2400000|  0%| F|  |TAMS 0x00000000a2300000| PB 0x00000000a2300000| Untracked 
| 548|0x00000000a2400000, 0x00000000a2400000, 0x00000000a2500000|  0%| F|  |TAMS 0x00000000a2400000| PB 0x00000000a2400000| Untracked 
| 549|0x00000000a2500000, 0x00000000a2500000, 0x00000000a2600000|  0%| F|  |TAMS 0x00000000a2500000| PB 0x00000000a2500000| Untracked 
| 550|0x00000000a2600000, 0x00000000a2600000, 0x00000000a2700000|  0%| F|  |TAMS 0x00000000a2600000| PB 0x00000000a2600000| Untracked 
| 551|0x00000000a2700000, 0x00000000a2700000, 0x00000000a2800000|  0%| F|  |TAMS 0x00000000a2700000| PB 0x00000000a2700000| Untracked 
| 552|0x00000000a2800000, 0x00000000a2800000, 0x00000000a2900000|  0%| F|  |TAMS 0x00000000a2800000| PB 0x00000000a2800000| Untracked 
| 553|0x00000000a2900000, 0x00000000a2900000, 0x00000000a2a00000|  0%| F|  |TAMS 0x00000000a2900000| PB 0x00000000a2900000| Untracked 
| 554|0x00000000a2a00000, 0x00000000a2a00000, 0x00000000a2b00000|  0%| F|  |TAMS 0x00000000a2a00000| PB 0x00000000a2a00000| Untracked 
| 555|0x00000000a2b00000, 0x00000000a2b00000, 0x00000000a2c00000|  0%| F|  |TAMS 0x00000000a2b00000| PB 0x00000000a2b00000| Untracked 
| 556|0x00000000a2c00000, 0x00000000a2c00000, 0x00000000a2d00000|  0%| F|  |TAMS 0x00000000a2c00000| PB 0x00000000a2c00000| Untracked 
| 557|0x00000000a2d00000, 0x00000000a2d00000, 0x00000000a2e00000|  0%| F|  |TAMS 0x00000000a2d00000| PB 0x00000000a2d00000| Untracked 
| 558|0x00000000a2e00000, 0x00000000a2e00000, 0x00000000a2f00000|  0%| F|  |TAMS 0x00000000a2e00000| PB 0x00000000a2e00000| Untracked 
| 559|0x00000000a2f00000, 0x00000000a2f00000, 0x00000000a3000000|  0%| F|  |TAMS 0x00000000a2f00000| PB 0x00000000a2f00000| Untracked 
| 560|0x00000000a3000000, 0x00000000a3000000, 0x00000000a3100000|  0%| F|  |TAMS 0x00000000a3000000| PB 0x00000000a3000000| Untracked 
| 561|0x00000000a3100000, 0x00000000a3100000, 0x00000000a3200000|  0%| F|  |TAMS 0x00000000a3100000| PB 0x00000000a3100000| Untracked 
| 562|0x00000000a3200000, 0x00000000a3200000, 0x00000000a3300000|  0%| F|  |TAMS 0x00000000a3200000| PB 0x00000000a3200000| Untracked 
| 563|0x00000000a3300000, 0x00000000a3300000, 0x00000000a3400000|  0%| F|  |TAMS 0x00000000a3300000| PB 0x00000000a3300000| Untracked 
| 564|0x00000000a3400000, 0x00000000a3400000, 0x00000000a3500000|  0%| F|  |TAMS 0x00000000a3400000| PB 0x00000000a3400000| Untracked 
| 565|0x00000000a3500000, 0x00000000a3500000, 0x00000000a3600000|  0%| F|  |TAMS 0x00000000a3500000| PB 0x00000000a3500000| Untracked 
| 566|0x00000000a3600000, 0x00000000a3664150, 0x00000000a3700000| 39%| S|CS|TAMS 0x00000000a3600000| PB 0x00000000a3600000| Complete 
| 567|0x00000000a3700000, 0x00000000a3800000, 0x00000000a3800000|100%| S|CS|TAMS 0x00000000a3700000| PB 0x00000000a3700000| Complete 
| 568|0x00000000a3800000, 0x00000000a3900000, 0x00000000a3900000|100%| S|CS|TAMS 0x00000000a3800000| PB 0x00000000a3800000| Complete 
| 569|0x00000000a3900000, 0x00000000a3a00000, 0x00000000a3a00000|100%| S|CS|TAMS 0x00000000a3900000| PB 0x00000000a3900000| Complete 
| 570|0x00000000a3a00000, 0x00000000a3a00000, 0x00000000a3b00000|  0%| F|  |TAMS 0x00000000a3a00000| PB 0x00000000a3a00000| Untracked 
| 571|0x00000000a3b00000, 0x00000000a3b00000, 0x00000000a3c00000|  0%| F|  |TAMS 0x00000000a3b00000| PB 0x00000000a3b00000| Untracked 
| 572|0x00000000a3c00000, 0x00000000a3c00000, 0x00000000a3d00000|  0%| F|  |TAMS 0x00000000a3c00000| PB 0x00000000a3c00000| Untracked 
| 573|0x00000000a3d00000, 0x00000000a3d00000, 0x00000000a3e00000|  0%| F|  |TAMS 0x00000000a3d00000| PB 0x00000000a3d00000| Untracked 
| 574|0x00000000a3e00000, 0x00000000a3e00000, 0x00000000a3f00000|  0%| F|  |TAMS 0x00000000a3e00000| PB 0x00000000a3e00000| Untracked 
| 575|0x00000000a3f00000, 0x00000000a3f00000, 0x00000000a4000000|  0%| F|  |TAMS 0x00000000a3f00000| PB 0x00000000a3f00000| Untracked 
| 576|0x00000000a4000000, 0x00000000a4000000, 0x00000000a4100000|  0%| F|  |TAMS 0x00000000a4000000| PB 0x00000000a4000000| Untracked 
| 577|0x00000000a4100000, 0x00000000a4100000, 0x00000000a4200000|  0%| F|  |TAMS 0x00000000a4100000| PB 0x00000000a4100000| Untracked 
| 578|0x00000000a4200000, 0x00000000a4200000, 0x00000000a4300000|  0%| F|  |TAMS 0x00000000a4200000| PB 0x00000000a4200000| Untracked 
| 579|0x00000000a4300000, 0x00000000a4300000, 0x00000000a4400000|  0%| F|  |TAMS 0x00000000a4300000| PB 0x00000000a4300000| Untracked 
| 580|0x00000000a4400000, 0x00000000a4400000, 0x00000000a4500000|  0%| F|  |TAMS 0x00000000a4400000| PB 0x00000000a4400000| Untracked 
| 581|0x00000000a4500000, 0x00000000a4500000, 0x00000000a4600000|  0%| F|  |TAMS 0x00000000a4500000| PB 0x00000000a4500000| Untracked 
| 582|0x00000000a4600000, 0x00000000a4600000, 0x00000000a4700000|  0%| F|  |TAMS 0x00000000a4600000| PB 0x00000000a4600000| Untracked 
| 583|0x00000000a4700000, 0x00000000a4700000, 0x00000000a4800000|  0%| F|  |TAMS 0x00000000a4700000| PB 0x00000000a4700000| Untracked 
| 584|0x00000000a4800000, 0x00000000a4800000, 0x00000000a4900000|  0%| F|  |TAMS 0x00000000a4800000| PB 0x00000000a4800000| Untracked 
| 585|0x00000000a4900000, 0x00000000a4900000, 0x00000000a4a00000|  0%| F|  |TAMS 0x00000000a4900000| PB 0x00000000a4900000| Untracked 
| 586|0x00000000a4a00000, 0x00000000a4a00000, 0x00000000a4b00000|  0%| F|  |TAMS 0x00000000a4a00000| PB 0x00000000a4a00000| Untracked 
| 587|0x00000000a4b00000, 0x00000000a4b00000, 0x00000000a4c00000|  0%| F|  |TAMS 0x00000000a4b00000| PB 0x00000000a4b00000| Untracked 
| 588|0x00000000a4c00000, 0x00000000a4c00000, 0x00000000a4d00000|  0%| F|  |TAMS 0x00000000a4c00000| PB 0x00000000a4c00000| Untracked 
| 589|0x00000000a4d00000, 0x00000000a4d00000, 0x00000000a4e00000|  0%| F|  |TAMS 0x00000000a4d00000| PB 0x00000000a4d00000| Untracked 
| 590|0x00000000a4e00000, 0x00000000a4e00000, 0x00000000a4f00000|  0%| F|  |TAMS 0x00000000a4e00000| PB 0x00000000a4e00000| Untracked 
| 591|0x00000000a4f00000, 0x00000000a4f00000, 0x00000000a5000000|  0%| F|  |TAMS 0x00000000a4f00000| PB 0x00000000a4f00000| Untracked 
| 592|0x00000000a5000000, 0x00000000a5000000, 0x00000000a5100000|  0%| F|  |TAMS 0x00000000a5000000| PB 0x00000000a5000000| Untracked 
| 593|0x00000000a5100000, 0x00000000a5100000, 0x00000000a5200000|  0%| F|  |TAMS 0x00000000a5100000| PB 0x00000000a5100000| Untracked 
| 594|0x00000000a5200000, 0x00000000a5200000, 0x00000000a5300000|  0%| F|  |TAMS 0x00000000a5200000| PB 0x00000000a5200000| Untracked 
| 595|0x00000000a5300000, 0x00000000a5300000, 0x00000000a5400000|  0%| F|  |TAMS 0x00000000a5300000| PB 0x00000000a5300000| Untracked 
| 596|0x00000000a5400000, 0x00000000a5400000, 0x00000000a5500000|  0%| F|  |TAMS 0x00000000a5400000| PB 0x00000000a5400000| Untracked 
|2039|0x00000000ff700000, 0x00000000ff800000, 0x00000000ff800000|100%| O|  |TAMS 0x00000000ff700000| PB 0x00000000ff700000| Untracked 
|2040|0x00000000ff800000, 0x00000000ff800000, 0x00000000ff900000|  0%| F|  |TAMS 0x00000000ff800000| PB 0x00000000ff800000| Untracked 
|2041|0x00000000ff900000, 0x00000000ffa00000, 0x00000000ffa00000|100%| O|  |TAMS 0x00000000ff900000| PB 0x00000000ff900000| Untracked 
|2042|0x00000000ffa00000, 0x00000000ffb00000, 0x00000000ffb00000|100%| O|  |TAMS 0x00000000ffa00000| PB 0x00000000ffa00000| Untracked 
|2043|0x00000000ffb00000, 0x00000000ffb00000, 0x00000000ffc00000|  0%| F|  |TAMS 0x00000000ffb00000| PB 0x00000000ffb00000| Untracked 
|2044|0x00000000ffc00000, 0x00000000ffd00000, 0x00000000ffd00000|100%| O|  |TAMS 0x00000000ffc00000| PB 0x00000000ffc00000| Untracked 
|2045|0x00000000ffd00000, 0x00000000ffe00000, 0x00000000ffe00000|100%| O|  |TAMS 0x00000000ffd00000| PB 0x00000000ffd00000| Untracked 
|2046|0x00000000ffe00000, 0x00000000fff00000, 0x00000000fff00000|100%| O|  |TAMS 0x00000000ffe00000| PB 0x00000000ffe00000| Untracked 
|2047|0x00000000fff00000, 0x00000000fff00000, 0x0000000100000000|  0%| F|  |TAMS 0x00000000fff00000| PB 0x00000000fff00000| Untracked 

Card table byte_map: [0x0000022df9230000,0x0000022df9630000] _byte_map_base: 0x0000022df8e30000

Marking Bits: (CMBitMap*) 0x0000022df07ac940
 Bits: [0x0000022df9630000, 0x0000022dfb630000)

Polling page: 0x0000022dee540000

Metaspace:

Usage:
  Non-class:    138.96 MB used.
      Class:     20.44 MB used.
       Both:    159.40 MB used.

Virtual space:
  Non-class space:      192.00 MB reserved,     140.44 MB ( 73%) committed,  3 nodes.
      Class space:        1.00 GB reserved,      21.88 MB (  2%) committed,  1 nodes.
             Both:        1.19 GB reserved,     162.31 MB ( 13%) committed. 

Chunk freelists:
   Non-Class:  3.59 MB
       Class:  10.07 MB
        Both:  13.66 MB

MaxMetaspaceSize: unlimited
CompressedClassSpaceSize: 1.00 GB
Initial GC threshold: 21.00 MB
Current GC threshold: 263.25 MB
CDS: on
 - commit_granule_bytes: 65536.
 - commit_granule_words: 8192.
 - virtual_space_node_default_size: 8388608.
 - enlarge_chunks_in_place: 1.
 - use_allocation_guard: 0.


Internal statistics:

num_allocs_failed_limit: 6.
num_arena_births: 5340.
num_arena_deaths: 24.
num_vsnodes_births: 4.
num_vsnodes_deaths: 0.
num_space_committed: 2599.
num_space_uncommitted: 3.
num_chunks_returned_to_freelist: 68.
num_chunks_taken_from_freelist: 12715.
num_chunk_merges: 21.
num_chunk_splits: 8467.
num_chunks_enlarged: 5501.
num_inconsistent_stats: 0.

CodeHeap 'non-profiled nmethods': size=120000Kb used=23675Kb max_used=23675Kb free=96325Kb
 bounds [0x0000022d87ad0000, 0x0000022d891f0000, 0x0000022d8f000000]
CodeHeap 'profiled nmethods': size=120000Kb used=53347Kb max_used=58900Kb free=66652Kb
 bounds [0x0000022d80000000, 0x0000022d839b0000, 0x0000022d87530000]
CodeHeap 'non-nmethods': size=5760Kb used=2617Kb max_used=2686Kb free=3142Kb
 bounds [0x0000022d87530000, 0x0000022d877e0000, 0x0000022d87ad0000]
 total_blobs=26710 nmethods=25711 adapters=901
 compilation: enabled
              stopped_count=0, restarted_count=0
 full_count=0

Compilation events (20 events):
Event: 3917.519 Thread 0x0000022dfdaf48a0 34309       4       com.android.ide.common.blame.MergingLogPersistUtil::extractSourcePosition (248 bytes)
Event: 3917.644 Thread 0x0000022dfdaf48a0 nmethod 34309 0x0000022d891e6690 code [0x0000022d891e6e00, 0x0000022d891eaca8]
Event: 3917.645 Thread 0x0000022dfdaf48a0 34310       4       com.google.gson.stream.JsonReader::peek (144 bytes)
Event: 3917.646 Thread 0x0000022dfdaf48a0 nmethod 34310 0x0000022d891ec590 code [0x0000022d891ec740, 0x0000022d891ec8d0]
Event: 3917.653 Thread 0x0000022dfdaf48a0 34311       4       com.google.common.base.Splitter$SplittingIterator::<init> (39 bytes)
Event: 3917.660 Thread 0x0000022dfdaf5610 34313       3       com.google.common.collect.Maps::newLinkedHashMap (8 bytes)
Event: 3917.704 Thread 0x0000022dfdaf5610 nmethod 34313 0x0000022d8275c690 code [0x0000022d8275c840, 0x0000022d8275cb10]
Event: 3917.708 Thread 0x0000022dfdaf48a0 nmethod 34311 0x0000022d891eca10 code [0x0000022d891ecba0, 0x0000022d891ecf08]
Event: 3917.708 Thread 0x0000022dfdaf48a0 34312       4       com.google.common.base.Splitter$1::iterator (11 bytes)
Event: 3917.712 Thread 0x0000022dfdaf48a0 nmethod 34312 0x0000022d891ed010 code [0x0000022d891ed1a0, 0x0000022d891ed460]
Event: 3917.724 Thread 0x0000022dfdaf48a0 34314       4       java.util.Spliterators$IteratorSpliterator::<init> (31 bytes)
Event: 3917.726 Thread 0x0000022dfdaf48a0 nmethod 34314 0x0000022d891ed590 code [0x0000022d891ed720, 0x0000022d891ed900]
Event: 3917.735 Thread 0x0000022dfdaf48a0 34315       4       com.google.common.base.Splitter::on (21 bytes)
Event: 3917.739 Thread 0x0000022dfdaf48a0 nmethod 34315 0x0000022d891ed990 code [0x0000022d891edb40, 0x0000022d891ede30]
Event: 3917.739 Thread 0x0000022dfdaf48a0 34316       4       com.google.common.base.Splitter::<init> (12 bytes)
Event: 3917.741 Thread 0x0000022dfdaf48a0 nmethod 34316 0x0000022d891edf90 code [0x0000022d891ee120, 0x0000022d891ee388]
Event: 3917.783 Thread 0x0000022dfdaf48a0 34317       4       com.google.gson.stream.JsonReader::push (76 bytes)
Event: 3917.785 Thread 0x0000022dfdaf48a0 nmethod 34317 0x0000022d891ee410 code [0x0000022d891ee5a0, 0x0000022d891ee698]
Event: 3917.785 Thread 0x0000022dfdaf48a0 34318       4       com.google.gson.stream.JsonReader::beginObject (40 bytes)
Event: 3917.787 Thread 0x0000022dfdaf48a0 nmethod 34318 0x0000022d891ee790 code [0x0000022d891ee940, 0x0000022d891eea98]

GC Heap History (20 events):
Event: 641.978 GC heap after
{Heap after GC invocations=89 (full 0):
 garbage-first heap   total 611328K, used 288768K [0x0000000080000000, 0x0000000100000000)
  region size 1024K, 16 young (16384K), 16 survivors (16384K)
 Metaspace       used 158869K, committed 161856K, reserved 1245184K
  class space    used 20618K, committed 22080K, reserved 1048576K
}
Event: 641.981 GC heap before
{Heap before GC invocations=89 (full 0):
 garbage-first heap   total 611328K, used 288768K [0x0000000080000000, 0x0000000100000000)
  region size 1024K, 17 young (17408K), 16 survivors (16384K)
 Metaspace       used 158869K, committed 161856K, reserved 1245184K
  class space    used 20618K, committed 22080K, reserved 1048576K
}
Event: 642.020 GC heap after
{Heap after GC invocations=90 (full 0):
 garbage-first heap   total 611328K, used 290816K [0x0000000080000000, 0x0000000100000000)
  region size 1024K, 1 young (1024K), 1 survivors (1024K)
 Metaspace       used 158869K, committed 161856K, reserved 1245184K
  class space    used 20618K, committed 22080K, reserved 1048576K
}
Event: 3492.850 GC heap before
{Heap before GC invocations=91 (full 0):
 garbage-first heap   total 611328K, used 609280K [0x0000000080000000, 0x0000000100000000)
  region size 1024K, 234 young (239616K), 1 survivors (1024K)
 Metaspace       used 159183K, committed 162176K, reserved 1245184K
  class space    used 20602K, committed 22080K, reserved 1048576K
}
Event: 3493.059 GC heap after
{Heap after GC invocations=92 (full 0):
 garbage-first heap   total 620544K, used 291498K [0x0000000080000000, 0x0000000100000000)
  region size 1024K, 9 young (9216K), 9 survivors (9216K)
 Metaspace       used 159183K, committed 162176K, reserved 1245184K
  class space    used 20602K, committed 22080K, reserved 1048576K
}
Event: 3503.064 GC heap before
{Heap before GC invocations=92 (full 0):
 garbage-first heap   total 620544K, used 407210K [0x0000000080000000, 0x0000000100000000)
  region size 1024K, 119 young (121856K), 9 survivors (9216K)
 Metaspace       used 160534K, committed 163456K, reserved 1245184K
  class space    used 20756K, committed 22208K, reserved 1048576K
}
Event: 3503.119 GC heap after
{Heap after GC invocations=93 (full 0):
 garbage-first heap   total 620544K, used 299008K [0x0000000080000000, 0x0000000100000000)
  region size 1024K, 13 young (13312K), 13 survivors (13312K)
 Metaspace       used 160534K, committed 163456K, reserved 1245184K
  class space    used 20756K, committed 22208K, reserved 1048576K
}
Event: 3907.482 GC heap before
{Heap before GC invocations=93 (full 0):
 garbage-first heap   total 620544K, used 408576K [0x0000000080000000, 0x0000000100000000)
  region size 1024K, 118 young (120832K), 13 survivors (13312K)
 Metaspace       used 162863K, committed 165888K, reserved 1245184K
  class space    used 20915K, committed 22400K, reserved 1048576K
}
Event: 3908.352 GC heap after
{Heap after GC invocations=94 (full 0):
 garbage-first heap   total 620544K, used 288391K [0x0000000080000000, 0x0000000100000000)
  region size 1024K, 5 young (5120K), 5 survivors (5120K)
 Metaspace       used 162863K, committed 165888K, reserved 1245184K
  class space    used 20915K, committed 22400K, reserved 1048576K
}
Event: 3910.721 GC heap before
{Heap before GC invocations=94 (full 0):
 garbage-first heap   total 620544K, used 312967K [0x0000000080000000, 0x0000000100000000)
  region size 1024K, 30 young (30720K), 5 survivors (5120K)
 Metaspace       used 163017K, committed 166016K, reserved 1245184K
  class space    used 20925K, committed 22400K, reserved 1048576K
}
Event: 3910.807 GC heap after
{Heap after GC invocations=95 (full 0):
 garbage-first heap   total 620544K, used 282889K [0x0000000080000000, 0x0000000100000000)
  region size 1024K, 4 young (4096K), 4 survivors (4096K)
 Metaspace       used 163017K, committed 166016K, reserved 1245184K
  class space    used 20925K, committed 22400K, reserved 1048576K
}
Event: 3912.527 GC heap before
{Heap before GC invocations=95 (full 0):
 garbage-first heap   total 620544K, used 308489K [0x0000000080000000, 0x0000000100000000)
  region size 1024K, 30 young (30720K), 4 survivors (4096K)
 Metaspace       used 163124K, committed 166080K, reserved 1245184K
  class space    used 20927K, committed 22400K, reserved 1048576K
}
Event: 3912.697 GC heap after
{Heap after GC invocations=96 (full 0):
 garbage-first heap   total 620544K, used 282559K [0x0000000080000000, 0x0000000100000000)
  region size 1024K, 4 young (4096K), 4 survivors (4096K)
 Metaspace       used 163124K, committed 166080K, reserved 1245184K
  class space    used 20927K, committed 22400K, reserved 1048576K
}
Event: 3914.457 GC heap before
{Heap before GC invocations=96 (full 0):
 garbage-first heap   total 620544K, used 308159K [0x0000000080000000, 0x0000000100000000)
  region size 1024K, 30 young (30720K), 4 survivors (4096K)
 Metaspace       used 163169K, committed 166144K, reserved 1245184K
  class space    used 20928K, committed 22400K, reserved 1048576K
}
Event: 3914.554 GC heap after
{Heap after GC invocations=97 (full 0):
 garbage-first heap   total 620544K, used 279421K [0x0000000080000000, 0x0000000100000000)
  region size 1024K, 3 young (3072K), 3 survivors (3072K)
 Metaspace       used 163169K, committed 166144K, reserved 1245184K
  class space    used 20928K, committed 22400K, reserved 1048576K
}
Event: 3915.324 GC heap before
{Heap before GC invocations=97 (full 0):
 garbage-first heap   total 620544K, used 310141K [0x0000000080000000, 0x0000000100000000)
  region size 1024K, 30 young (30720K), 3 survivors (3072K)
 Metaspace       used 163182K, committed 166208K, reserved 1245184K
  class space    used 20928K, committed 22400K, reserved 1048576K
}
Event: 3915.458 GC heap after
{Heap after GC invocations=98 (full 0):
 garbage-first heap   total 620544K, used 293888K [0x0000000080000000, 0x0000000100000000)
  region size 1024K, 4 young (4096K), 4 survivors (4096K)
 Metaspace       used 163182K, committed 166208K, reserved 1245184K
  class space    used 20928K, committed 22400K, reserved 1048576K
}
Event: 3916.020 GC heap before
{Heap before GC invocations=98 (full 0):
 garbage-first heap   total 620544K, used 320512K [0x0000000080000000, 0x0000000100000000)
  region size 1024K, 30 young (30720K), 4 survivors (4096K)
 Metaspace       used 163216K, committed 166208K, reserved 1245184K
  class space    used 20928K, committed 22400K, reserved 1048576K
}
Event: 3916.120 GC heap after
{Heap after GC invocations=99 (full 0):
 garbage-first heap   total 620544K, used 297984K [0x0000000080000000, 0x0000000100000000)
  region size 1024K, 4 young (4096K), 4 survivors (4096K)
 Metaspace       used 163216K, committed 166208K, reserved 1245184K
  class space    used 20928K, committed 22400K, reserved 1048576K
}
Event: 3917.791 GC heap before
{Heap before GC invocations=99 (full 0):
 garbage-first heap   total 620544K, used 330752K [0x0000000080000000, 0x0000000100000000)
  region size 1024K, 30 young (30720K), 4 survivors (4096K)
 Metaspace       used 163224K, committed 166208K, reserved 1245184K
  class space    used 20929K, committed 22400K, reserved 1048576K
}

Dll operation events (16 events):
Event: 0.017 Loaded shared library C:\Users\jaira\.gradle\jdks\eclipse_adoptium-21-amd64-windows.2\bin\java.dll
Event: 0.058 Loaded shared library C:\Users\jaira\.gradle\jdks\eclipse_adoptium-21-amd64-windows.2\bin\jsvml.dll
Event: 0.106 Loaded shared library C:\Users\jaira\.gradle\jdks\eclipse_adoptium-21-amd64-windows.2\bin\zip.dll
Event: 0.109 Loaded shared library C:\Users\jaira\.gradle\jdks\eclipse_adoptium-21-amd64-windows.2\bin\instrument.dll
Event: 0.113 Loaded shared library C:\Users\jaira\.gradle\jdks\eclipse_adoptium-21-amd64-windows.2\bin\net.dll
Event: 0.116 Loaded shared library C:\Users\jaira\.gradle\jdks\eclipse_adoptium-21-amd64-windows.2\bin\nio.dll
Event: 0.119 Loaded shared library C:\Users\jaira\.gradle\jdks\eclipse_adoptium-21-amd64-windows.2\bin\zip.dll
Event: 0.449 Loaded shared library C:\Users\jaira\.gradle\jdks\eclipse_adoptium-21-amd64-windows.2\bin\jimage.dll
Event: 0.737 Loaded shared library C:\Users\jaira\.gradle\jdks\eclipse_adoptium-21-amd64-windows.2\bin\verify.dll
Event: 0.787 Loaded shared library C:\Users\jaira\.gradle\native\660c5614fbf4a5f2a75b1949f50a0caf5cd603558e7d8a26e50b933a0cfb79d1\windows-amd64\native-platform.dll
Event: 0.807 Loaded shared library C:\Users\jaira\.gradle\native\0.2.8\x86_64-windows-gnu\gradle-fileevents.dll
Event: 2.704 Loaded shared library C:\Users\jaira\.gradle\jdks\eclipse_adoptium-21-amd64-windows.2\bin\management.dll
Event: 2.709 Loaded shared library C:\Users\jaira\.gradle\jdks\eclipse_adoptium-21-amd64-windows.2\bin\management_ext.dll
Event: 2.926 Loaded shared library C:\Users\jaira\.gradle\jdks\eclipse_adoptium-21-amd64-windows.2\bin\extnet.dll
Event: 3.252 Loaded shared library C:\Users\jaira\.gradle\jdks\eclipse_adoptium-21-amd64-windows.2\bin\sunmscapi.dll
Event: 57.733 Loaded shared library C:\Users\jaira\AppData\Local\Temp\sqlite-3.41.2.2-b319a199-8f44-424c-a37e-247f123ff7a8-sqlitejdbc.dll

Deoptimization events (20 events):
Event: 3916.005 Thread 0x0000022dde379160 Uncommon trap: trap_request=0xffffff45 fr.pc=0x0000022d87c30460 relative=0x0000000000001560
Event: 3916.005 Thread 0x0000022dde379160 Uncommon trap: reason=unstable_if action=reinterpret pc=0x0000022d87c30460 method=com.android.utils.XmlUtils.append(Lcom/android/utils/XmlUtils$PositionAwareStringBuilder;Lorg/w3c/dom/Node;Ljava/util/Map;Ljava/util/Set;)V @ 516 c2
Event: 3916.005 Thread 0x0000022dde379160 DEOPT PACKING pc=0x0000022d87c30460 sp=0x000000b657bfb070
Event: 3916.005 Thread 0x0000022dde379160 DEOPT UNPACKING pc=0x0000022d87587da2 sp=0x000000b657bfb058 mode 2
Event: 3916.158 Thread 0x0000022dde379160 Uncommon trap: trap_request=0xffffff6e fr.pc=0x0000022d890850d0 relative=0x0000000000000130
Event: 3916.158 Thread 0x0000022dde379160 Uncommon trap: reason=loop_limit_check action=maybe_recompile pc=0x0000022d890850d0 method=java.lang.StringUTF16.lastIndexOf([BII)I @ 18 c2
Event: 3916.158 Thread 0x0000022dde379160 DEOPT PACKING pc=0x0000022d890850d0 sp=0x000000b657bfae60
Event: 3916.158 Thread 0x0000022dde379160 DEOPT UNPACKING pc=0x0000022d87587da2 sp=0x000000b657bfade0 mode 2
Event: 3916.607 Thread 0x0000022dde379160 Uncommon trap: trap_request=0xffffff45 fr.pc=0x0000022d87c30460 relative=0x0000000000001560
Event: 3916.607 Thread 0x0000022dde379160 Uncommon trap: reason=unstable_if action=reinterpret pc=0x0000022d87c30460 method=com.android.utils.XmlUtils.append(Lcom/android/utils/XmlUtils$PositionAwareStringBuilder;Lorg/w3c/dom/Node;Ljava/util/Map;Ljava/util/Set;)V @ 516 c2
Event: 3916.607 Thread 0x0000022dde379160 DEOPT PACKING pc=0x0000022d87c30460 sp=0x000000b657bfb160
Event: 3916.607 Thread 0x0000022dde379160 DEOPT UNPACKING pc=0x0000022d87587da2 sp=0x000000b657bfb148 mode 2
Event: 3916.686 Thread 0x0000022dde379160 DEOPT PACKING pc=0x0000022d805e4988 sp=0x000000b657bfb000
Event: 3916.686 Thread 0x0000022dde379160 DEOPT UNPACKING pc=0x0000022d875888e2 sp=0x000000b657bfa510 mode 0
Event: 3916.687 Thread 0x0000022dde379160 DEOPT PACKING pc=0x0000022d805e4988 sp=0x000000b657bfb000
Event: 3916.687 Thread 0x0000022dde379160 DEOPT UNPACKING pc=0x0000022d875888e2 sp=0x000000b657bfa510 mode 0
Event: 3916.687 Thread 0x0000022dde379160 DEOPT PACKING pc=0x0000022d805e4988 sp=0x000000b657bfb000
Event: 3916.687 Thread 0x0000022dde379160 DEOPT UNPACKING pc=0x0000022d875888e2 sp=0x000000b657bfa510 mode 0
Event: 3916.687 Thread 0x0000022dde379160 DEOPT PACKING pc=0x0000022d805e4988 sp=0x000000b657bfb000
Event: 3916.687 Thread 0x0000022dde379160 DEOPT UNPACKING pc=0x0000022d875888e2 sp=0x000000b657bfa510 mode 0

Classes loaded (20 events):
Event: 3493.298 Loading class org/xml/sax/ext/LexicalHandler done
Event: 3493.298 Loading class org/xml/sax/ext/DeclHandler
Event: 3493.300 Loading class org/xml/sax/ext/DeclHandler done
Event: 3493.300 Loading class org/xml/sax/ext/DefaultHandler2 done
Event: 3493.478 Loading class com/sun/org/apache/xerces/internal/dom/ParentNode$UserDataRecord
Event: 3493.481 Loading class com/sun/org/apache/xerces/internal/dom/ParentNode$UserDataRecord done
Event: 3493.486 Loading class com/sun/org/apache/xerces/internal/util/EntityResolver2Wrapper
Event: 3493.504 Loading class com/sun/org/apache/xerces/internal/util/EntityResolver2Wrapper done
Event: 3495.111 Loading class com/sun/org/apache/xerces/internal/dom/DOMImplementationImpl
Event: 3495.122 Loading class org/w3c/dom/DOMImplementation
Event: 3495.124 Loading class org/w3c/dom/DOMImplementation done
Event: 3495.124 Loading class com/sun/org/apache/xerces/internal/dom/CoreDOMImplementationImpl
Event: 3495.149 Loading class org/w3c/dom/ls/DOMImplementationLS
Event: 3495.151 Loading class org/w3c/dom/ls/DOMImplementationLS done
Event: 3495.152 Loading class com/sun/org/apache/xerces/internal/dom/CoreDOMImplementationImpl done
Event: 3495.152 Loading class com/sun/org/apache/xerces/internal/dom/DOMImplementationImpl done
Event: 3495.152 Loading class com/sun/org/apache/xerces/internal/dom/DeferredDOMImplementationImpl
Event: 3495.154 Loading class com/sun/org/apache/xerces/internal/dom/DeferredDOMImplementationImpl done
Event: 3500.213 Loading class java/util/Collections$UnmodifiableSortedMap
Event: 3500.215 Loading class java/util/Collections$UnmodifiableSortedMap done

Classes unloaded (20 events):
Event: 644.122 Thread 0x0000022dfdac8b70 Unloading class 0x0000022d91569870 'jdk/internal/jimage/BasicImageReader'
Event: 644.122 Thread 0x0000022dfdac8b70 Unloading class 0x0000022d91569658 'jdk/internal/jimage/ImageReader'
Event: 644.122 Thread 0x0000022dfdac8b70 Unloading class 0x0000022d91569438 'jdk/internal/jrtfs/SystemImage$2'
Event: 644.122 Thread 0x0000022dfdac8b70 Unloading class 0x0000022d91569228 'jdk/internal/jrtfs/SystemImage$$Lambda+0x0000022d91569228'
Event: 644.122 Thread 0x0000022dfdac8b70 Unloading class 0x0000022d91569000 'jdk/internal/jrtfs/ExplodedImage'
Event: 644.122 Thread 0x0000022dfdac8b70 Unloading class 0x0000022d91568db0 'jdk/internal/jrtfs/SystemImage$1'
Event: 644.122 Thread 0x0000022dfdac8b70 Unloading class 0x0000022d91568ba0 'jdk/internal/jrtfs/SystemImage'
Event: 644.123 Thread 0x0000022dfdac8b70 Unloading class 0x0000022d91568948 'jdk/internal/jrtfs/JrtFileStore'
Event: 644.123 Thread 0x0000022dfdac8b70 Unloading class 0x0000022d915685d8 'jdk/internal/jrtfs/JrtPath'
Event: 644.123 Thread 0x0000022dfdac8b70 Unloading class 0x0000022d915682e8 'jdk/internal/jrtfs/JrtFileSystem'
Event: 644.123 Thread 0x0000022dfdac8b70 Unloading class 0x0000022d91568000 'jdk/internal/jrtfs/JrtFileSystemProvider'
Event: 644.124 Thread 0x0000022dfdac8b70 Unloading class 0x0000022d91518400 'java/lang/invoke/LambdaForm$DMH+0x0000022d91518400'
Event: 644.124 Thread 0x0000022dfdac8b70 Unloading class 0x0000022d91491000 'java/lang/invoke/LambdaForm$DMH+0x0000022d91491000'
Event: 644.124 Thread 0x0000022dfdac8b70 Unloading class 0x0000022d91490400 'java/lang/invoke/LambdaForm$DMH+0x0000022d91490400'
Event: 644.124 Thread 0x0000022dfdac8b70 Unloading class 0x0000022d91490000 'java/lang/invoke/LambdaForm$DMH+0x0000022d91490000'
Event: 644.124 Thread 0x0000022dfdac8b70 Unloading class 0x0000022d91418400 'java/lang/invoke/LambdaForm$DMH+0x0000022d91418400'
Event: 644.125 Thread 0x0000022dfdac8b70 Unloading class 0x0000022d91296800 'jdk/internal/reflect/GeneratedSerializationConstructorAccessor144'
Event: 644.125 Thread 0x0000022dfdac8b70 Unloading class 0x0000022d91296c00 'jdk/internal/reflect/GeneratedSerializationConstructorAccessor141'
Event: 644.125 Thread 0x0000022dfdac8b70 Unloading class 0x0000022d91296000 'jdk/internal/reflect/GeneratedSerializationConstructorAccessor142'
Event: 644.125 Thread 0x0000022dfdac8b70 Unloading class 0x0000022d91160400 'java/lang/invoke/LambdaForm$MH+0x0000022d91160400'

Classes redefined (0 events):
No events

Internal exceptions (20 events):
Event: 3903.826 Thread 0x0000022dfd9a1670 Exception <a 'sun/nio/fs/WindowsException'{0x000000009f04cdb0}> (0x000000009f04cdb0) 
thrown [s\src\hotspot\share\prims\jni.cpp, line 520]
Event: 3903.827 Thread 0x0000022dfd9a1670 Exception <a 'sun/nio/fs/WindowsException'{0x000000009f04e190}> (0x000000009f04e190) 
thrown [s\src\hotspot\share\prims\jni.cpp, line 520]
Event: 3903.829 Thread 0x0000022dfd9a1670 Exception <a 'sun/nio/fs/WindowsException'{0x000000009f04f550}> (0x000000009f04f550) 
thrown [s\src\hotspot\share\prims\jni.cpp, line 520]
Event: 3906.950 Thread 0x0000022dfd9a1670 Exception <a 'sun/nio/fs/WindowsException'{0x000000009eedc1c0}> (0x000000009eedc1c0) 
thrown [s\src\hotspot\share\prims\jni.cpp, line 520]
Event: 3907.043 Thread 0x0000022dfd9a1670 Exception <a 'sun/nio/fs/WindowsException'{0x000000009eedd768}> (0x000000009eedd768) 
thrown [s\src\hotspot\share\prims\jni.cpp, line 520]
Event: 3907.052 Thread 0x0000022dfd9a1670 Exception <a 'sun/nio/fs/WindowsException'{0x000000009eedfc28}> (0x000000009eedfc28) 
thrown [s\src\hotspot\share\prims\jni.cpp, line 520]
Event: 3909.622 Thread 0x0000022dfd9a1670 Exception <a 'java/lang/ClassNotFoundException'{0x00000000a44e0c80}: com/intellij/gradle/toolingExtension/impl/initScript/util/GradleJvmForkedDebuggerHelperBeanInfo> (0x00000000a44e0c80) 
thrown [s\src\hotspot\share\classfile\systemDictionary.cpp, line 312]
Event: 3909.627 Thread 0x0000022dfd9a1670 Exception <a 'java/lang/ClassNotFoundException'{0x00000000a44ea7a8}: com/intellij/gradle/toolingExtension/impl/initScript/util/GradleJvmForkedDebuggerHelperCustomizer> (0x00000000a44ea7a8) 
thrown [s\src\hotspot\share\classfile\systemDictionary.cpp, line 312]
Event: 3909.953 Thread 0x0000022dfd9a1670 Exception <a 'java/lang/ClassNotFoundException'{0x00000000a4336348}: com/intellij/gradle/toolingExtension/impl/util/collectionUtil/GradleCollectionUtilBeanInfo> (0x00000000a4336348) 
thrown [s\src\hotspot\share\classfile\systemDictionary.cpp, line 312]
Event: 3909.954 Thread 0x0000022dfd9a1670 Exception <a 'java/lang/ClassNotFoundException'{0x00000000a433fd58}: com/intellij/gradle/toolingExtension/impl/util/collectionUtil/GradleCollectionUtilCustomizer> (0x00000000a433fd58) 
thrown [s\src\hotspot\share\classfile\systemDictionary.cpp, line 312]
Event: 3910.272 Thread 0x0000022dfd9a1670 Implicit null exception at 0x0000022d886b8dea to 0x0000022d886b9622
Event: 3911.119 Thread 0x0000022dfd9a1670 Exception <a 'sun/nio/fs/WindowsException'{0x00000000a53ced80}> (0x00000000a53ced80) 
thrown [s\src\hotspot\share\prims\jni.cpp, line 520]
Event: 3911.120 Thread 0x0000022dfd9a1670 Exception <a 'sun/nio/fs/WindowsException'{0x00000000a53d02c0}> (0x00000000a53d02c0) 
thrown [s\src\hotspot\share\prims\jni.cpp, line 520]
Event: 3911.120 Thread 0x0000022dfd9a1670 Exception <a 'sun/nio/fs/WindowsException'{0x00000000a53d1850}> (0x00000000a53d1850) 
thrown [s\src\hotspot\share\prims\jni.cpp, line 520]
Event: 3911.120 Thread 0x0000022dfd9a1670 Exception <a 'sun/nio/fs/WindowsException'{0x00000000a53d2de0}> (0x00000000a53d2de0) 
thrown [s\src\hotspot\share\prims\jni.cpp, line 520]
Event: 3911.486 Thread 0x0000022dde378ad0 Exception <a 'sun/nio/fs/WindowsException'{0x00000000a4dd7498}> (0x00000000a4dd7498) 
thrown [s\src\hotspot\share\prims\jni.cpp, line 520]
Event: 3913.169 Thread 0x0000022dde378ad0 Exception <a 'sun/nio/fs/WindowsException'{0x00000000a5264350}> (0x00000000a5264350) 
thrown [s\src\hotspot\share\prims\jni.cpp, line 520]
Event: 3913.169 Thread 0x0000022dde378ad0 Exception <a 'sun/nio/fs/WindowsException'{0x00000000a5266138}> (0x00000000a5266138) 
thrown [s\src\hotspot\share\prims\jni.cpp, line 520]
Event: 3913.169 Thread 0x0000022dde378ad0 Exception <a 'sun/nio/fs/WindowsException'{0x00000000a5274b70}> (0x00000000a5274b70) 
thrown [s\src\hotspot\share\prims\jni.cpp, line 520]
Event: 3914.676 Thread 0x0000022dde379160 Exception <a 'sun/nio/fs/WindowsException'{0x00000000a5245d58}> (0x00000000a5245d58) 
thrown [s\src\hotspot\share\prims\jni.cpp, line 520]

ZGC Phase Switch (0 events):
No events

VM Operations (20 events):
Event: 3908.449 Executing VM operation: RendezvousGCThreads done
Event: 3909.459 Executing VM operation: Cleanup
Event: 3909.460 Executing VM operation: Cleanup done
Event: 3910.467 Executing VM operation: Cleanup
Event: 3910.467 Executing VM operation: Cleanup done
Event: 3910.721 Executing VM operation: G1CollectForAllocation (G1 Evacuation Pause)
Event: 3910.808 Executing VM operation: G1CollectForAllocation (G1 Evacuation Pause) done
Event: 3911.810 Executing VM operation: Cleanup
Event: 3911.811 Executing VM operation: Cleanup done
Event: 3912.526 Executing VM operation: G1CollectForAllocation (G1 Evacuation Pause)
Event: 3912.697 Executing VM operation: G1CollectForAllocation (G1 Evacuation Pause) done
Event: 3914.457 Executing VM operation: G1CollectForAllocation (G1 Evacuation Pause)
Event: 3914.554 Executing VM operation: G1CollectForAllocation (G1 Evacuation Pause) done
Event: 3915.324 Executing VM operation: G1CollectForAllocation (G1 Evacuation Pause)
Event: 3915.458 Executing VM operation: G1CollectForAllocation (G1 Evacuation Pause) done
Event: 3916.019 Executing VM operation: G1CollectForAllocation (G1 Evacuation Pause)
Event: 3916.120 Executing VM operation: G1CollectForAllocation (G1 Evacuation Pause) done
Event: 3917.130 Executing VM operation: Cleanup
Event: 3917.130 Executing VM operation: Cleanup done
Event: 3917.791 Executing VM operation: G1CollectForAllocation (G1 Evacuation Pause)

Memory protections (0 events):
No events

Nmethod flushes (20 events):
Event: 645.392 Thread 0x0000022dfdac8b70 flushing  nmethod 0x0000022d83705510
Event: 645.393 Thread 0x0000022dfdac8b70 flushing  nmethod 0x0000022d83706c90
Event: 645.393 Thread 0x0000022dfdac8b70 flushing  nmethod 0x0000022d83707590
Event: 645.393 Thread 0x0000022dfdac8b70 flushing  nmethod 0x0000022d83707a90
Event: 645.393 Thread 0x0000022dfdac8b70 flushing  nmethod 0x0000022d83708910
Event: 645.393 Thread 0x0000022dfdac8b70 flushing  nmethod 0x0000022d8371a990
Event: 645.393 Thread 0x0000022dfdac8b70 flushing  nmethod 0x0000022d8371ba10
Event: 645.393 Thread 0x0000022dfdac8b70 flushing  nmethod 0x0000022d8371c010
Event: 645.393 Thread 0x0000022dfdac8b70 flushing  nmethod 0x0000022d8371c910
Event: 645.393 Thread 0x0000022dfdac8b70 flushing  nmethod 0x0000022d8371d810
Event: 645.393 Thread 0x0000022dfdac8b70 flushing  nmethod 0x0000022d8371e390
Event: 645.393 Thread 0x0000022dfdac8b70 flushing  nmethod 0x0000022d83721690
Event: 645.393 Thread 0x0000022dfdac8b70 flushing  nmethod 0x0000022d83721d10
Event: 645.393 Thread 0x0000022dfdac8b70 flushing  nmethod 0x0000022d83722310
Event: 645.393 Thread 0x0000022dfdac8b70 flushing  nmethod 0x0000022d83722810
Event: 645.393 Thread 0x0000022dfdac8b70 flushing  nmethod 0x0000022d83723010
Event: 645.393 Thread 0x0000022dfdac8b70 flushing  nmethod 0x0000022d83723690
Event: 645.393 Thread 0x0000022dfdac8b70 flushing  nmethod 0x0000022d83723b90
Event: 645.393 Thread 0x0000022dfdac8b70 flushing  nmethod 0x0000022d8374e890
Event: 645.393 Thread 0x0000022dfdac8b70 flushing  nmethod 0x0000022d83750310

Events (20 events):
Event: 3909.535 Thread 0x0000022dfd9a1670 Thread added: 0x0000022dde376370
Event: 3910.083 Thread 0x0000022dfd9a1670 Thread added: 0x0000022dde376a00
Event: 3910.248 Thread 0x0000022dfd9a1670 Thread added: 0x0000022dde377db0
Event: 3911.442 Thread 0x0000022dfd9a1670 Thread added: 0x0000022dde378440
Event: 3911.445 Thread 0x0000022dde378440 Thread added: 0x0000022dde378ad0
Event: 3911.446 Thread 0x0000022dde378440 Thread added: 0x0000022dde375650
Event: 3911.446 Thread 0x0000022dde378440 Thread added: 0x0000022dde379160
Event: 3911.457 Thread 0x0000022dde378ad0 Thread added: 0x0000022dde37bf50
Event: 3912.496 Thread 0x0000022dde378ad0 Thread added: 0x0000022dde37c5e0
Event: 3912.496 Thread 0x0000022dde378ad0 Thread added: 0x0000022dde37b8c0
Event: 3912.497 Thread 0x0000022dde378ad0 Thread added: 0x0000022dde37b230
Event: 3913.852 Thread 0x0000022dde379160 Thread added: 0x0000022dde37d990
Event: 3913.853 Thread 0x0000022dde379160 Thread added: 0x0000022dde37a510
Event: 3913.854 Thread 0x0000022dde379160 Thread added: 0x0000022dde37e020
Event: 3914.234 Thread 0x0000022dde379160 Thread added: 0x0000022dde37aba0
Event: 3914.237 Thread 0x0000022dde379160 Thread added: 0x0000022dde380e10
Event: 3914.238 Thread 0x0000022dde379160 Thread added: 0x0000022dde3800f0
Event: 3914.353 Thread 0x0000022dde379160 Thread added: 0x0000022dde37f3d0
Event: 3914.354 Thread 0x0000022dde379160 Thread added: 0x0000022dde3814a0
Event: 3914.356 Thread 0x0000022dde379160 Thread added: 0x0000022dde37e6b0


Dynamic libraries:
0x00007ff6df780000 - 0x00007ff6df78e000 	C:\Users\jaira\.gradle\jdks\eclipse_adoptium-21-amd64-windows.2\bin\java.exe
0x00007ffaaf1b0000 - 0x00007ffaaf405000 	C:\WINDOWS\SYSTEM32\ntdll.dll
0x00007ffaae610000 - 0x00007ffaae6d7000 	C:\WINDOWS\System32\KERNEL32.DLL
0x00007ffaac9f0000 - 0x00007ffaacd90000 	C:\WINDOWS\System32\KERNELBASE.dll
0x00007ffaa6320000 - 0x00007ffaa63c1000 	C:\WINDOWS\SYSTEM32\apphelp.dll
0x00007ffaac7f0000 - 0x00007ffaac93a000 	C:\WINDOWS\System32\ucrtbase.dll
0x00007ffa806a0000 - 0x00007ffa806be000 	C:\Users\jaira\.gradle\jdks\eclipse_adoptium-21-amd64-windows.2\bin\VCRUNTIME140.dll
0x00007ffa80680000 - 0x00007ffa80698000 	C:\Users\jaira\.gradle\jdks\eclipse_adoptium-21-amd64-windows.2\bin\jli.dll
0x00007ffaad310000 - 0x00007ffaad4cf000 	C:\WINDOWS\System32\USER32.dll
0x00007ffa78280000 - 0x00007ffa78510000 	C:\WINDOWS\WinSxS\amd64_microsoft.windows.common-controls_6595b64144ccf1df_6.0.26100.1_none_fc2d3fda0fd46076\COMCTL32.dll
0x00007ffaac9c0000 - 0x00007ffaac9e7000 	C:\WINDOWS\System32\win32u.dll
0x00007ffaae860000 - 0x00007ffaae909000 	C:\WINDOWS\System32\msvcrt.dll
0x00007ffaae6f0000 - 0x00007ffaae71a000 	C:\WINDOWS\System32\GDI32.dll
0x00007ffaac6c0000 - 0x00007ffaac7e1000 	C:\WINDOWS\System32\gdi32full.dll
0x00007ffaacda0000 - 0x00007ffaace43000 	C:\WINDOWS\System32\msvcp_win.dll
0x00007ffaaed10000 - 0x00007ffaaed3f000 	C:\WINDOWS\System32\IMM32.DLL
0x00007ffa807c0000 - 0x00007ffa807cc000 	C:\Users\jaira\.gradle\jdks\eclipse_adoptium-21-amd64-windows.2\bin\vcruntime140_1.dll
0x00007ffa7f1a0000 - 0x00007ffa7f22d000 	C:\Users\jaira\.gradle\jdks\eclipse_adoptium-21-amd64-windows.2\bin\msvcp140.dll
0x00007ffa0f760000 - 0x00007ffa104f0000 	C:\Users\jaira\.gradle\jdks\eclipse_adoptium-21-amd64-windows.2\bin\server\jvm.dll
0x00007ffaad150000 - 0x00007ffaad202000 	C:\WINDOWS\System32\ADVAPI32.dll
0x00007ffaadd10000 - 0x00007ffaaddb6000 	C:\WINDOWS\System32\sechost.dll
0x00007ffaaf050000 - 0x00007ffaaf169000 	C:\WINDOWS\System32\RPCRT4.dll
0x00007ffaae720000 - 0x00007ffaae794000 	C:\WINDOWS\System32\WS2_32.dll
0x00007ffaac4a0000 - 0x00007ffaac4ee000 	C:\WINDOWS\SYSTEM32\POWRPROF.dll
0x00007ffa8ff00000 - 0x00007ffa8ff36000 	C:\WINDOWS\SYSTEM32\WINMM.dll
0x00007ffa997d0000 - 0x00007ffa997db000 	C:\WINDOWS\SYSTEM32\VERSION.dll
0x00007ffaac480000 - 0x00007ffaac494000 	C:\WINDOWS\SYSTEM32\UMPDC.dll
0x00007ffaab4b0000 - 0x00007ffaab4ca000 	C:\WINDOWS\SYSTEM32\kernel.appcore.dll
0x00007ffa80670000 - 0x00007ffa8067a000 	C:\Users\jaira\.gradle\jdks\eclipse_adoptium-21-amd64-windows.2\bin\jimage.dll
0x00007ffaa6c50000 - 0x00007ffaa6e91000 	C:\WINDOWS\SYSTEM32\DBGHELP.DLL
0x00007ffaae910000 - 0x00007ffaaec85000 	C:\WINDOWS\System32\combase.dll
0x00007ffaad210000 - 0x00007ffaad2e6000 	C:\WINDOWS\System32\OLEAUT32.dll
0x00007ffa951f0000 - 0x00007ffa95229000 	C:\WINDOWS\SYSTEM32\dbgcore.DLL
0x00007ffaace50000 - 0x00007ffaacee9000 	C:\WINDOWS\System32\bcryptPrimitives.dll
0x00007ffa80660000 - 0x00007ffa8066f000 	C:\Users\jaira\.gradle\jdks\eclipse_adoptium-21-amd64-windows.2\bin\instrument.dll
0x00007ffa805d0000 - 0x00007ffa805ef000 	C:\Users\jaira\.gradle\jdks\eclipse_adoptium-21-amd64-windows.2\bin\java.dll
0x00007ffaad4e0000 - 0x00007ffaadbc6000 	C:\WINDOWS\System32\SHELL32.dll
0x00007ffaaa440000 - 0x00007ffaaac6b000 	C:\WINDOWS\SYSTEM32\windows.storage.dll
0x00007ffaade50000 - 0x00007ffaadf23000 	C:\WINDOWS\System32\SHCORE.dll
0x00007ffaaee50000 - 0x00007ffaaeead000 	C:\WINDOWS\System32\shlwapi.dll
0x00007ffaac520000 - 0x00007ffaac544000 	C:\WINDOWS\SYSTEM32\profapi.dll
0x00007ffa7e780000 - 0x00007ffa7e857000 	C:\Users\jaira\.gradle\jdks\eclipse_adoptium-21-amd64-windows.2\bin\jsvml.dll
0x00007ffa7fe90000 - 0x00007ffa7fea8000 	C:\Users\jaira\.gradle\jdks\eclipse_adoptium-21-amd64-windows.2\bin\zip.dll
0x00007ffa805c0000 - 0x00007ffa805d0000 	C:\Users\jaira\.gradle\jdks\eclipse_adoptium-21-amd64-windows.2\bin\net.dll
0x00007ffa9f800000 - 0x00007ffa9f91d000 	C:\WINDOWS\SYSTEM32\WINHTTP.dll
0x00007ffaab9a0000 - 0x00007ffaaba08000 	C:\WINDOWS\system32\mswsock.dll
0x00007ffa7fd10000 - 0x00007ffa7fd26000 	C:\Users\jaira\.gradle\jdks\eclipse_adoptium-21-amd64-windows.2\bin\nio.dll
0x00007ffa803f0000 - 0x00007ffa80400000 	C:\Users\jaira\.gradle\jdks\eclipse_adoptium-21-amd64-windows.2\bin\verify.dll
0x00007ffa7f480000 - 0x00007ffa7f4a7000 	C:\Users\jaira\.gradle\native\660c5614fbf4a5f2a75b1949f50a0caf5cd603558e7d8a26e50b933a0cfb79d1\windows-amd64\native-platform.dll
0x00007ffa7e700000 - 0x00007ffa7e777000 	C:\Users\jaira\.gradle\native\0.2.8\x86_64-windows-gnu\gradle-fileevents.dll
0x00007ffa7fe80000 - 0x00007ffa7fe8a000 	C:\Users\jaira\.gradle\jdks\eclipse_adoptium-21-amd64-windows.2\bin\management.dll
0x00007ffa7fc80000 - 0x00007ffa7fc8b000 	C:\Users\jaira\.gradle\jdks\eclipse_adoptium-21-amd64-windows.2\bin\management_ext.dll
0x00007ffaae7f0000 - 0x00007ffaae7f8000 	C:\WINDOWS\System32\PSAPI.DLL
0x00007ffaaaf20000 - 0x00007ffaaaf50000 	C:\WINDOWS\SYSTEM32\IPHLPAPI.DLL
0x00007ffaadf30000 - 0x00007ffaadf3a000 	C:\WINDOWS\System32\NSI.dll
0x00007ffa7f470000 - 0x00007ffa7f479000 	C:\Users\jaira\.gradle\jdks\eclipse_adoptium-21-amd64-windows.2\bin\extnet.dll
0x00007ffaabc20000 - 0x00007ffaabc3c000 	C:\WINDOWS\SYSTEM32\CRYPTSP.dll
0x00007ffaab410000 - 0x00007ffaab448000 	C:\WINDOWS\system32\rsaenh.dll
0x00007ffaaba40000 - 0x00007ffaaba6b000 	C:\WINDOWS\SYSTEM32\USERENV.dll
0x00007ffaabe60000 - 0x00007ffaabe86000 	C:\WINDOWS\SYSTEM32\bcrypt.dll
0x00007ffaabc40000 - 0x00007ffaabc4c000 	C:\WINDOWS\SYSTEM32\CRYPTBASE.dll
0x00007ffa7f460000 - 0x00007ffa7f46e000 	C:\Users\jaira\.gradle\jdks\eclipse_adoptium-21-amd64-windows.2\bin\sunmscapi.dll
0x00007ffaacef0000 - 0x00007ffaad066000 	C:\WINDOWS\System32\CRYPT32.dll
0x00007ffaabe20000 - 0x00007ffaabe50000 	C:\WINDOWS\SYSTEM32\ncrypt.dll
0x00007ffaabdd0000 - 0x00007ffaabe0f000 	C:\WINDOWS\SYSTEM32\NTASN1.dll
0x00007ffa496b0000 - 0x00007ffa496b8000 	C:\WINDOWS\system32\wshunix.dll
0x00007ffa7e610000 - 0x00007ffa7e6f9000 	C:\Users\jaira\AppData\Local\Temp\sqlite-3.41.2.2-b319a199-8f44-424c-a37e-247f123ff7a8-sqlitejdbc.dll
0x00007ffaa6f80000 - 0x00007ffaa6fb5000 	C:\WINDOWS\SYSTEM32\ntmarta.dll

dbghelp: loaded successfully - version: 4.0.5 - missing functions: none
symbol engine: initialized successfully - sym options: 0x614 - pdb path: .;C:\Users\jaira\.gradle\jdks\eclipse_adoptium-21-amd64-windows.2\bin;C:\WINDOWS\SYSTEM32;C:\WINDOWS\WinSxS\amd64_microsoft.windows.common-controls_6595b64144ccf1df_6.0.26100.1_none_fc2d3fda0fd46076;C:\Users\jaira\.gradle\jdks\eclipse_adoptium-21-amd64-windows.2\bin\server;C:\Users\jaira\.gradle\native\660c5614fbf4a5f2a75b1949f50a0caf5cd603558e7d8a26e50b933a0cfb79d1\windows-amd64;C:\Users\jaira\.gradle\native\0.2.8\x86_64-windows-gnu;C:\Users\jaira\AppData\Local\Temp

VM Arguments:
jvm_args: --add-opens=java.base/java.lang=ALL-UNNAMED --add-opens=java.base/java.lang.invoke=ALL-UNNAMED --add-opens=java.base/java.util=ALL-UNNAMED --add-opens=java.prefs/java.util.prefs=ALL-UNNAMED --add-exports=jdk.compiler/com.sun.tools.javac.api=ALL-UNNAMED --add-exports=jdk.compiler/com.sun.tools.javac.util=ALL-UNNAMED --add-opens=java.base/java.util=ALL-UNNAMED --add-opens=java.prefs/java.util.prefs=ALL-UNNAMED --add-opens=java.base/java.nio.charset=ALL-UNNAMED --add-opens=java.base/java.net=ALL-UNNAMED --add-opens=java.base/java.util.concurrent=ALL-UNNAMED --add-opens=java.base/java.util.concurrent.atomic=ALL-UNNAMED --add-opens=java.xml/javax.xml.namespace=ALL-UNNAMED --add-opens=java.base/java.time=ALL-UNNAMED -Xmx2048m -Dfile.encoding=UTF-8 -Duser.country=PE -Duser.language=es -Duser.variant -javaagent:C:\Users\jaira\.gradle\wrapper\dists\gradle-9.3.1-bin\23ovyewtku6u96viwx3xl3oks\gradle-9.3.1\lib\agents\gradle-instrumentation-agent-9.3.1.jar 
java_command: org.gradle.launcher.daemon.bootstrap.GradleDaemon 9.3.1
java_class_path (initial): C:\Users\jaira\.gradle\wrapper\dists\gradle-9.3.1-bin\23ovyewtku6u96viwx3xl3oks\gradle-9.3.1\lib\gradle-daemon-main-9.3.1.jar
Launcher Type: SUN_STANDARD

[Global flags]
     intx CICompilerCount                          = 3                                         {product} {ergonomic}
     uint ConcGCThreads                            = 1                                         {product} {ergonomic}
     uint G1ConcRefinementThreads                  = 4                                         {product} {ergonomic}
   size_t G1HeapRegionSize                         = 1048576                                   {product} {ergonomic}
    uintx GCDrainStackTargetSize                   = 64                                        {product} {ergonomic}
   size_t InitialHeapSize                          = 65011712                                  {product} {ergonomic}
   size_t MarkStackSize                            = 4194304                                   {product} {ergonomic}
   size_t MaxHeapSize                              = 2147483648                                {product} {command line}
   size_t MaxNewSize                               = 1287651328                                {product} {ergonomic}
   size_t MinHeapDeltaBytes                        = 1048576                                   {product} {ergonomic}
   size_t MinHeapSize                              = 8388608                                   {product} {ergonomic}
    uintx NonNMethodCodeHeapSize                   = 5832780                                {pd product} {ergonomic}
    uintx NonProfiledCodeHeapSize                  = 122912730                              {pd product} {ergonomic}
    uintx ProfiledCodeHeapSize                     = 122912730                              {pd product} {ergonomic}
    uintx ReservedCodeCacheSize                    = 251658240                              {pd product} {ergonomic}
     bool SegmentedCodeCache                       = true                                      {product} {ergonomic}
   size_t SoftMaxHeapSize                          = 2147483648                             {manageable} {ergonomic}
     bool UseCompressedOops                        = true                           {product lp64_product} {ergonomic}
     bool UseG1GC                                  = true                                      {product} {ergonomic}
     bool UseLargePagesIndividualAllocation        = false                                  {pd product} {ergonomic}

Logging:
Log output configuration:
 #0: stdout all=warning uptime,level,tags foldmultilines=false
 #1: stderr all=off uptime,level,tags foldmultilines=false

Environment Variables:
PATH=C:\Users\jaira\bin;C:\Program Files\Git\mingw64\bin;C:\Program Files\Git\usr\local\bin;C:\Program Files\Git\usr\bin;C:\Program Files\Git\usr\bin;C:\Program Files\Git\mingw64\bin;C:\Program Files\Git\usr\bin;C:\Users\jaira\bin;C:\Program Files\Common Files\Oracle\Java\javapath;C:\WINDOWS\system32;C:\WINDOWS;C:\WINDOWS\System32\Wbem;C:\WINDOWS\System32\WindowsPowerShell\v1.0;C:\WINDOWS\System32\OpenSSH;C:\Program Files\PuTTY;C:\Program Files\Git\cmd;C:\Program Files (x86)\Microsoft SQL Server\160\Tools\Binn;C:\Program Files\Microsoft SQL Server\160\Tools\Binn;C:\Program Files\Microsoft SQL Server\Client SDK\ODBC\170\Tools\Binn;C:\Program Files\Microsoft SQL Server\160\DTS\Binn;C:\Program Files (x86)\Microsoft SQL Server\160\DTS\Binn;C:\Program Files\Docker\Docker\resources\bin;C:\Users\jaira\AppData\Local\Programs\Python\Python311\Scripts;C:\Users\jaira\AppData\Local\Programs\Python\Python311;C:\Users\jaira\AppData\Local\Microsoft\WindowsApps;C:\Program Files\JetBrains\PyCharm Community Edition 2023.1.3\bin;C:\Users\jaira\AppData\Local\Programs\Microsoft VS Code\bin;C:\Users\jaira\AppData\Local\Google\Cloud SDK\google-cloud-sdk\bin;C:\Program Files\Git\usr\bin\vendor_perl;C:\Program Files\Git\usr\bin\core_perl
USERNAME=jaira
SHELL=C:\Program Files\Git\usr\bin\bash.exe
TERM=xterm-256color
OS=Windows_NT
PROCESSOR_IDENTIFIER=Intel64 Family 6 Model 126 Stepping 5, GenuineIntel
TMP=C:\Users\jaira\AppData\Local\Temp
TEMP=C:\Users\jaira\AppData\Local\Temp




Periodic native trim disabled

---------------  S Y S T E M  ---------------

OS:
 Windows 11 , 64 bit Build 26100 (10.0.26100.1)
OS uptime: 1 days 12:54 hours
Hyper-V role detected

CPU: total 4 (initial active 4) (2 cores per cpu, 2 threads per core) family 6 model 126 stepping 5 microcode 0xb0, cx8, cmov, fxsr, ht, mmx, 3dnowpref, sse, sse2, sse3, ssse3, sse4.1, sse4.2, popcnt, lzcnt, tsc, tscinvbit, avx, avx2, aes, erms, clmul, bmi1, bmi2, adx, avx512f, avx512dq, avx512cd, avx512bw, avx512vl, sha, fma, vzeroupper, avx512_vpopcntdq, avx512_vpclmulqdq, avx512_vaes, avx512_vnni, clflush, clflushopt, avx512_vbmi2, avx512_vbmi, hv, rdtscp, rdpid, fsrm, gfni, avx512_bitalg, f16c, avx512_ifma
Processor Information for the first 4 processors :
  Max Mhz: 1190, Current Mhz: 1190, Mhz Limit: 1190

Memory: 4k page, system-wide physical 3871M (145M free)
TotalPageFile size 15647M (AvailPageFile size 141M)
current process WorkingSet (physical memory assigned to process): 287M, peak: 734M
current process commit charge ("private bytes"): 1084M, peak: 1328M

vm_info: OpenJDK 64-Bit Server VM (21.0.7+6-LTS) for windows-amd64 JRE (21.0.7+6-LTS), built on 2025-04-15T00:00:00Z by "admin" with MS VC++ 17.7 (VS2022)

END.
